chlorophyll,sst,fishing_score
4.666340686480184,24.617790214732377,88.56539303071541
2.6893827945371087,29.955132406727422,79.60302033845055
5.165727727477156,31.202338243633758,79.82877643055797
4.214471371450247,23.99963371634169,85.59824183844012
0.6556463525371322,22.52629940101499,31.639164175614606
5.85617187465686,27.275048503616063,98.6797671826429
4.590724241743082,31.288289031909244,79.41621264683563
4.737779401134027,29.80935802688971,86.51508147092939
0.8558704327857207,30.422580644975096,40.68902155983396
2.757277033583846,26.83407207992042,94.34908665529495
2.2877083429722296,24.81934654303684,75.28703026602142
5.5679134342067504,28.381346119415312,93.3695386268065
3.898804208475921,24.452388324990363,87.77146395995373
4.954293518297897,30.714744363820788,82.16922705366022
2.716143773081254,24.363597471513724,81.66814332489095
1.4407084585301837,25.495159200572097,61.59093333334974
3.3720502433934256,28.078537339876064,94.82302076859489
0.4765218110146344,27.84051920972194,45.49594401362738
4.9830239147562345,29.210192516884355,89.3910759189551
3.826819954820183,27.249335205999003,98.80319101120479
4.5727176665037055,33.0336797021211,71.03833742981872
2.1917032119662236,32.07920913036626,59.45386041356643
5.8271183439299294,32.54936141483966,73.36306520876964
5.369414615800967,29.55419885684125,87.739845487162
4.692462632735195,29.620094990329676,87.42354404641756
1.248368376326609,29.310384204591383,53.87752334449354
2.853653921989502,27.218609853057472,96.02375114511418
0.3584422181446498,25.86527201280715,41.722150024367316
1.0103080031985323,29.104034649386442,50.10679374691573
4.129988824130482,22.306382045661405,77.47063381917474
4.494096719856121,22.089477177085637,76.42949045001106
5.808307421361839,32.21970191556098,74.94543080530728
2.0223696130150968,22.557088537331467,59.12141723949297
2.2857122656057265,28.297541804001018,79.48604465290964
2.870379286527267,29.379853155395743,85.98429058464578
1.2178810185972857,24.37805475546923,51.77228319819801
0.8665368814792828,32.74877005918178,29.736641345513114
2.9066590647330095,24.2811492609805,85.08269774736658
1.4387651594002164,32.6141798484001,41.827239915683855
4.0519025686268115,31.15588323199642,80.05176048641718
2.6791963213467516,24.888915442290326,83.4507205499286
5.012801356741241,23.80892999531312,84.68286397750299
4.2315641018132695,25.79479252223482,94.21500410672715
1.9429631841540425,26.775406795243295,77.78121630024867
5.010332828231686,24.94941611798708,90.15719736633798
4.848109709231131,33.98669858505308,66.46384679174523
2.3861224362780296,24.755828034874973,76.95042329296047
1.8011358131884405,31.967617923794283,52.17815022955626
4.126723473452356,23.90941296508567,85.16518223241123
0.9245396532949279,33.76293550331137,26.02870265000399
1.2794583946031393,24.70628149939702,54.57931908916848
0.14343739153093255,27.060262657403108,42.57948707508374
4.742853827262617,28.70276880121488,91.82670975416858
4.0226200538929895,23.44342858187312,82.92845719299098
4.260475733895377,31.801840809749216,76.95116411320376
4.70630128302961,25.29622639216996,91.82188668241581
2.807603075676206,28.591238819219967,88.51411518126827
3.4555730561220734,28.595605728318965,92.34109250406897
0.924802288953179,29.23168782790942,47.78394420509837
0.7757274338622433,22.665831838291776,34.71054150104539
4.043577474563783,24.023425141978816,85.71244068149832
2.879467616244482,23.93430691508037,82.87402551727541
3.4348930282390144,25.624615112990224,93.39815254235307
4.613493258754551,23.73896988230008,84.34705543504037
3.844838088003486,33.06305584929147,70.89733192340093
3.3661184638821755,28.155453406135607,94.45382365054908
3.39932224839794,29.482901772432214,88.08207149232537
1.8933055785694122,26.28985810477745,74.45743047432
0.28182522395084253,25.314953692406938,37.54828220257016
2.676632596470938,28.038126042786555,88.5496469240433
1.3660495696352224,25.531875698018002,60.27399474319086
2.5103189979753537,26.12375110875717,86.0003852815415
5.13507813228218,27.433010491250286,97.92154964199864
1.4802429666055106,28.068804246212267,64.47459895029132
0.4439861759654895,33.81176814138206,16.1832364406759
1.7601649629297798,24.679871057943288,64.06668033672338
1.8322031708234334,27.855713978591766,72.5366363192282
4.005307436888681,23.794140873872067,84.61187619458592
3.3864896988135427,26.199990792495672,96.15995580397923
4.72499943372784,30.607728624476852,82.6829026025111
4.019449887931587,24.093545725126894,86.04901948060909
2.4976824824964163,28.97621569060052,80.46781433504584
4.902720269529604,27.000412282816086,99.99802104248279
1.0851402274554531,22.618954532853675,40.673786306806704
0.23400123148977683,33.19690289774134,14.93489072063711
0.6312823785762863,26.963237683514635,52.44918845239597
4.361920168519057,31.407118429013995,78.84583154073283
2.8250756584831858,26.995761864781603,96.48117012061542
1.0515034962982506,33.24832385894541,31.038115403027035
3.056164173109845,25.485644013146768,92.73109126310449
0.9986414060076937,26.946767796252363,59.717313542165215
4.208290212958643,31.10637088311144,80.28941976106509
2.7323220258867815,26.12400778337028,90.44167787791298
2.348025233969247,26.37228485602215,83.94747198829127
1.8789213259724717,33.93787808097068,44.27661173079019
3.8186672994014423,28.667374308284224,91.99660332023572
2.2346944022650037,30.272565444041778,68.98557391389954
0.6171345239649959,29.721546809843318,39.279265792051994
0.7962348225110404,31.935089765878867,32.236265574002246
5.775196220842136,32.34190119330091,74.35887427215562
5.460626075174882,28.759073589643716,91.55644676971016
4.228272089483422,25.534672899596792,92.9664299180646
1.6686327726111656,22.273602970899635,50.68594971254156
5.818140626351571,29.37283901277184,88.61037273869516
4.694630333398188,31.905625999187436,76.45299520390031
4.329652116038074,27.406477666139914,98.04890720252843
2.7512328626483535,23.976473685890372,80.51173094524086
1.7062252148864383,25.45698487522769,66.71803169882168
0.6687066767056459,28.119867154142376,47.99877119422952
5.4253541396086655,32.040174627732,75.8071617868864
2.7890801100183054,24.061037752821047,81.67458341390713
1.293943852291859,29.34579850851417,54.61904420496916
1.90514408248885,31.040423367406547,58.708849486225574
3.5173954567571863,33.23257024401788,70.08366282871418
1.1429594193414672,23.40044430014631,45.581321027531644
5.154024276145015,33.11669960997469,70.6398418721215
4.5752652260277396,29.217610422093756,89.35546997394997
4.344831440110527,31.20041904918743,79.83798856390032
2.649348934673112,22.645296514822665,72.08440196461103
3.801122160144415,28.07377786768714,94.84586623510172
3.54617801658514,29.471556088969525,88.13653077294629
3.934094949173438,25.682006078474082,93.6736291766756
0.5982214947253457,27.179802497215032,51.10137790787476
2.553263672806597,28.651577623355177,83.1377008640271
0.34552362578516566,28.63057527727576,39.083711184779666
3.014545833542662,22.502338304882056,78.41122386343386
2.0461811527634333,27.273781198946708,79.60947330032447
0.9526927143096767,24.565817857506772,47.369780002226044
0.7100775095630547,33.0003409370242,25.399913693544942
3.5671029758485013,33.71895988148001,67.74899256889594
1.1064985143676282,25.59576275622483,55.38963151723175
5.558208698423104,24.102224767012704,86.09067888166098
3.5282607242323305,24.634049811380116,88.64343909462455
2.146531846755539,27.733027064235444,79.41210702678066
3.586401399740359,32.49406718935814,73.62847749108093
0.23454283907521525,28.000434579251674,39.88877080109627
5.755499358124528,22.664704740583574,79.19058275480116
2.945590277963112,22.478627232557727,77.20921627553932
4.718137840776689,24.728691347474182,89.09771846787608
0.5881069995423875,32.11325533131315,27.21851440054464
2.9712841519451465,29.457766690421728,87.62840292487864
2.9951712666916737,28.7554942454355,91.47705295574306
5.633176084352399,25.827635110991707,94.3726485327602
3.473195509018845,33.15310486055425,70.4650966693396
2.8935874662360277,25.97413893954559,92.9476162345394
1.6751564122421723,32.01933295183536,49.41033007603372
2.056257084321058,32.750842215710605,53.52109905101026
3.1719671745820732,27.80002015859364,96.15990323875053
2.6895776157997755,32.731471233768914,66.28049039390471
0.22751127129394952,25.321639448692565,36.4940947796033
4.975122352746711,29.90120111419931,86.07423465184331
5.387348553854624,23.055564982292637,81.06671191500466
0.9274696250918035,27.68721056910873,55.25078177011417
3.3688132468803915,24.607981625900173,88.51831180432083
0.740596872699117,22.753159335167233,34.427102262785056
4.066216548934889,22.04470609693145,76.21458926527096
1.7592793246501492,25.8970253972897,69.89130839999353
3.9905935446822207,29.074367134441154,90.04303775468246
4.389268224292607,27.462764171813888,97.77873197529334
4.635020202314176,25.621231582233953,93.38191159472298
0.7356715811397897,33.894400369315015,21.62030985008372
5.504469886311886,33.274300479756135,69.88335769717055
1.458262546279797,23.507839682049962,52.402881399435756
0.3207340814394607,26.981289120021938,46.324869404894514
3.373629569409752,29.78616320792333,86.62641660196802
2.2884414747883888,30.80188957035924,67.51975955804343
4.995759484481238,26.396465858913885,97.10303612278665
4.868683685179381,30.955381752824174,81.01416758644396
1.9711194676540207,23.48980015492814,62.573430096735486
5.722106430911495,25.981751503092458,95.1124072148438
1.8164152450267002,30.59719810907086,59.06175397699388
3.138837062467116,29.5081934831245,87.96067128100239
1.6101940343488563,32.04652257833986,47.980572310945796
5.622657063288884,22.56228427200586,78.69896450562814
1.071186123733907,24.09270061387658,47.46868542128573
0.364972654414741,22.581934987263597,26.092741027160088
2.667072654017924,24.305370690990536,80.40723239711305
5.955015827929438,22.05139372759522,76.24668989245706
5.360895870903993,28.050523620146393,94.95748662329731
4.516787314796001,28.339772746819065,93.56909081526848
5.3556756961832965,29.894701376871936,86.10543339101471
5.371335174217393,26.618949366412522,98.17095695878011
3.1612643262800497,22.03849228822221,76.1847629834666
1.963981405801679,30.086693852891646,64.46349762215368
4.654873349454829,22.65149305297495,79.12716665427976
4.003801452689791,32.39404516981293,74.10858318489795
2.3045806003548894,22.27184785249525,63.39648169907498
0.6573533415629401,28.36570147907959,46.591699731676776
4.506058706959253,32.73901458862625,72.452729974594
1.6485170439449017,28.86987490946536,63.99494131346431
5.627197588149297,29.301000958527162,88.95519539906962
1.5217263925335403,30.17933018004887,55.17374298643624
0.8242718012277676,23.468906172765603,39.536185653830245
5.003564765536946,30.099125209726715,85.12419899331177
1.004377468084515,32.564258584153784,33.37910815775214
1.1576830181306608,33.6906499940238,31.038540391298973
3.636358469972977,27.316623992300165,98.48020483695922
5.25991604094104,26.134058220130562,95.84347945662671
1.2589645277159822,31.039715387155805,45.78865669597178
1.9309096701105593,28.514491457143777,71.34863440792105
4.686688545622948,25.087655853460365,90.82074809660975
5.833775913759707,24.065894619636435,85.91629417425489
3.05437299859382,24.042763607112924,85.80526531414203
0.9489952650523796,27.510124439273824,56.53130799253324
0.18222409747838914,24.041492867387802,29.443647713029236
1.4549705769932462,22.23662732813783,46.2352227149265
0.8777510849404742,22.62506529963628,36.55533513706362
4.09818617431586,33.15861452743559,70.43865026830917
0.8188117773083337,22.875536093921628,36.57880879699049
3.087346596561735,22.878168286971515,80.21520777746328
4.19614837029303,27.41426134640239,98.01154553726852
3.528587994403324,24.94120338802039,90.11777626249787
1.2786763447943401,33.55232622606997,34.122361010750936
4.84433470447535,32.93183007397365,71.52721564492649
4.32090206473323,26.856918984055206,99.31321112346498
4.460005623101696,27.38477823299511,98.15306448162347
0.8732407341881482,26.50136383690684,55.071361100915794
0.8301474415370332,22.45439339971754,34.784037149384844
5.572619050938395,25.514162071056504,92.86797794107122
2.44571134356715,23.47208163534381,71.98021872099328
1.8755972815075448,23.228443960181473,59.408476639021956
2.982645867574047,28.730338875236654,91.347290750345
4.010898855305136,23.185178292562746,81.68885580430118
5.738177216577123,23.235175885543164,81.92884425060718
1.7900327386041248,27.766164577832182,72.12306479848803
5.55636973294096,27.307388381471664,98.524535768936
0.24667099917891228,23.651617421588433,28.861183607202726
3.375668449728266,22.053388297706356,76.25626382899051
3.8404531589184026,24.315693301214125,87.1153278458278
0.7247946821294444,24.83070705018449,44.08328748347444
0.9280036226770846,31.60298132330641,36.465762101670926
2.572774483966193,32.98526020632658,62.726240688956274
5.800768281644772,26.871332769855638,99.38239729530707
3.6166510640828,26.860320718011735,99.32953944645632
5.604837007441247,30.549775405118403,82.96107805543167
4.845729402116527,29.523064188456267,87.88929189540991
2.85755144917622,24.20968224032091,83.75750373706477
4.730104350587906,23.292269467550337,82.20289344424162
0.20523702546422765,27.25134268786061,42.89829560755363
0.7439495809178361,28.777940357953156,46.34487790018157
4.993628827808144,23.66449123790571,83.98955794194741
4.801220821118454,25.519281920901335,92.89255322032642
1.472580377601959,25.671315957166897,63.073924146440284
3.231540584534416,25.135578412289966,91.05077637899184
3.6754933421300646,27.529135195501492,97.46015106159284
5.219659827278466,29.83676301183686,86.38353754318307
3.6583322282984816,28.112678603391906,94.65914270371886
2.534172258714714,24.41747874696813,78.2873431597413
2.307685856102378,23.2352685645688,68.08300623197779
2.6127043096037084,31.862445554784404,68.91434752910902
3.946393050921848,27.751656192613428,96.39205027545555
5.218194727338717,22.745670209606526,79.57921700611132
2.7779916042501687,25.097457995794695,86.42763046481791
1.562253421413013,31.648405340609855,48.93272279333296
1.496307941685729,31.0207158972826,50.6267225267581
4.501484253436334,32.50979959476854,73.55296194511102
4.917755704201071,29.225053912020307,89.31974122230253
0.7211406711393373,27.07487121229666,54.06343160376278
0.49269725603555115,27.11961997065341,49.27976926157466
3.607158616163066,24.328000533915326,87.17440256279356
0.9624221407369199,29.809587538214583,45.762422631308404
4.965518723692414,29.02082507311425,90.3000396490516
1.9309745761520394,23.85837293714603,63.53968162134173
0.9488444045297416,32.6279550405445,31.962703895981235
5.533725787675956,26.421618439727165,97.2237685106904
1.0766371641381414,22.59686518625282,40.397696176776364
1.77984848579382,25.934571049357405,70.48291075279195
1.006319031633146,32.43828057653891,34.02263386527616
0.7813913756255944,33.00347903034141,26.81112816687312
0.2247732963849962,27.884781007115603,40.24851709354503
0.4268329140691347,33.47607928088102,17.451477733153816
1.130384678521531,32.50290171054371,36.1937653598208
0.41495340250033486,31.902768605190705,24.765778745091314
3.5877485150547304,32.31652077618647,74.48070027430494
4.116215708117088,26.58250494602588,97.99602374092424
2.422419695308967,31.077627289066523,68.87578291866004
1.9761474720170917,28.928068036913793,70.26822286315563
3.076704798431158,30.63620802088368,82.54620149975834
5.26252915918419,24.133433290969297,86.24047979665262
5.121676598251016,30.7767269412993,81.87171068176335
0.35650286587547253,33.49110921033006,15.972733107925166
1.1708406166194922,25.631959868577155,56.85021970156019
1.4967947395159367,33.833935887467526,37.133002530474606
1.5713866974100499,26.540512177664453,69.22219240099038
3.470272645282359,24.396681964252394,87.50407342841149
2.5559483116488346,23.347434757602862,73.58665306947043
0.3905993075728046,31.419542959458134,26.59817994605705
2.3043234169114726,28.65790480451882,78.12852527653911
3.1901423974340597,25.685575523944348,93.69076251493287
0.6998642271319242,29.301404437525093,42.95054324251804
5.017405467352503,25.985214254092057,95.12902841964188
0.4065750121441152,27.380293087941503,46.30609342076309
5.556567027206566,32.35196950903709,74.31054635662197
0.6847675353212654,30.01799772230998,39.20896163933742
5.077092214426741,31.148822076456597,80.08565403300834
5.4256535491729405,29.001922617634914,90.3907714353524
5.879467015460897,33.89677658662745,66.89547238418822
4.831952693614202,24.89692079549071,89.90521981835542
4.698917490550841,25.147493928625778,91.10797085740373
3.8906513283737314,23.110707264859993,81.33139487132797
4.696078492010961,28.648234024848527,92.08847668072707
0.8938580296375678,29.360310836900414,46.54766857562937
3.2628014120910604,30.711538874785838,82.18461340102797
3.1339149341234456,26.02535111139113,95.32168533467743
5.15967565032309,22.147081622380327,76.70599178742557
2.8305162570017437,29.58675444505984,84.19390380374766
2.3720280269920857,33.98434591024459,53.91570017066767
3.87342330029895,25.53459224547991,92.96604277830357
1.672133573254992,24.207213429628236,60.03729592731538
0.9246336246283455,25.38120349391624,50.72244926336486
2.9194759167401005,27.104985697324565,97.8855869876441
2.559647274709822,25.010955147430778,81.64553020186418
1.472162649120355,26.16352030441036,65.42815044357683
2.2683196796792555,29.658480862952352,72.60568545141382
2.26171545397486,26.140335842111377,81.10792112163182
2.0322238300340185,26.752707337403855,79.45747182021887
2.3388380703888814,22.48037515359117,65.08256214501523
4.145885738190078,33.01531001947444,71.12651190652268
1.8515711999705835,26.882631518978243,76.46805529050724
5.698261767620508,25.93772219241753,94.90106652360416
5.50645331527525,23.037810354944614,80.98148970373416
2.937371526970464,29.610198584742204,86.2184773326467
2.037331109527664,32.36589940316506,54.99030505536099
3.2590652599970187,22.493838400628803,78.37042432301826
5.106506883764385,23.743269608392424,84.36769412028363
3.9502653093046023,23.75667794663449,84.43205414384555
4.845911784887757,29.227298264173513,89.30896833196714
3.2430614287878674,33.05476603262043,70.93712304342195
3.8342140126789626,27.253220404786113,98.78454205702667
1.8001181236765242,26.12567737832621,71.80561388949629
4.4358696576307155,31.190088227160295,79.88757650963058
1.2941870994417384,30.910828741067817,47.11176403170924
4.199308960029139,24.961073671326517,90.21315362236729
5.178242503122775,23.929916347694633,85.26359846893423
0.8794067400791092,26.293720388984276,54.1979926687067
3.724840469197327,31.307240706719575,79.32524460774604
0.6610649145566142,30.34076067897974,37.18564703202953
4.3817222068014186,29.990244476274462,85.64682651388259
0.5985099910587695,31.953142721958447,28.195114755774846
5.622044953933694,25.325563748096727,91.9627059908643
0.9107067872230328,26.07620470563412,53.779918331504426
5.7573934508635745,22.50807340731011,78.43875235508852
4.82521663890207,32.4249493096424,73.96024331371648
3.6027238263514896,28.98915681906614,90.45204726848253
4.717482217314327,25.57746750260432,93.17184401250074
4.7911775500002065,22.832998377392386,79.99839221148345
5.681559670622248,30.680914037949517,82.33161261784232
1.5949617876512046,30.984850234588734,52.77195462699817
3.5814477826140245,29.99414382538027,85.6281096381747
0.6607902656299672,24.445371651360755,40.95358923913097
3.735377630142316,32.95859270210326,71.39875502990435
1.110618694147454,31.037896228250517,42.8304719873466
3.433208607687407,29.893075883007644,86.11323576156332
3.4773400327997135,29.81132708106145,86.50563001090504
2.8493124025892413,32.852292401099696,68.89524452650627
3.1835274755274248,33.13968559716548,70.52950913360569
4.607148001038869,29.14764901612288,89.69128472261018
4.815543827421193,27.00003293155058,99.9998419285572
3.0037039718950322,26.364807754712995,96.95107722262239
3.637601304983413,31.82894609296867,76.82105875375038
5.594293790571601,29.735264078012,86.8707324255424
0.8064281721566247,22.927192363043844,36.579086785742945
0.7909110388106521,23.706232156180327,40.00813512587861
0.6174831702735336,32.80223074125816,24.498955847431517
3.9813933817391143,32.61397777725401,73.05290666918077
2.569788974663239,33.421989384369624,60.57023044829058
4.668496355236875,27.134211607939886,99.35578428188856
4.060265338520696,31.408730891688485,78.83809171989527
2.0684627741366053,31.93870032777186,57.66349390942718
5.400362629433061,25.788362870058318,94.18414177627993
4.598939667716849,23.744052534725707,84.3714521666834
1.696156151370037,33.96431633967008,40.494404596984374
2.248732904855119,22.362630445016197,62.715284233180114
1.9551958832051513,29.168031024537314,68.69736874632392
1.029908726887498,29.802547290180506,47.145947544883526
0.9719218979989308,30.18147210363578,44.16737186252687
5.62315203391689,25.067532927629077,90.72415805261957
2.6836338194726443,30.65895093158621,76.10971191783908
2.361586954386718,24.596794759375186,75.69635393273526
4.4051456811965295,31.94845906902019,76.2473964687031
3.36265908499211,24.629400089015615,88.62112042727495
5.623225922346927,30.36047234891293,83.86973272521794
4.703778814065414,31.40096183000771,78.875383215963
2.9282804283347885,24.267349005546265,85.44888379331785
2.320520893536875,24.855837851591232,76.11843955837541
5.9211261150535,31.349244864812402,79.12362464890047
4.334785392421496,23.031987659619436,80.95354076617329
5.712048494022663,24.28913142959997,86.98783086207985
0.7990236055805441,27.466370874278983,53.74189191507176
5.118148707225617,33.162183144937245,70.42152090430122
3.858735915548125,28.742534018716125,91.63583671016261
0.8193379021771643,26.652134178498706,54.71700210033707
3.570722199818402,33.74044266666972,67.64587519998534
4.147968554122148,27.564535674655463,97.29022876165378
0.17258584674275676,27.204819684249784,42.468582450456175
2.780475974866305,26.93973180265268,95.32023215005896
4.969857116058295,25.746160871281553,93.98157218215147
1.8426182495301304,25.908337716851012,71.61238603148746
2.8054336826114517,30.254044719153978,80.48925900028993
2.70965334970057,22.490027168102575,72.54519740090377
1.8813716095107005,30.181800707755826,62.35478879298604
5.51880718354177,24.414453977510473,87.58937909205027
4.7096348090459434,26.610496038453917,98.1303809845788
0.752471624877052,23.758467670723984,39.49007731701616
5.982504481241681,28.633012528869635,92.16153986142575
5.287280143415697,30.752205339425675,81.98941437075676
1.77505978339783,26.255866912676375,71.9293568488032
5.037689819999535,23.960998930483157,85.41279486631916
0.727875238041159,24.718066983174108,43.604226280058896
5.994717909798008,31.81735502230687,76.87669589292702
4.027539943028568,25.21178482071823,91.4165671394475
3.9357375917969026,31.296431116134727,79.37713064255331
0.6336002892063832,25.974392881674532,47.74909161616542
5.392497053490089,24.26479065211555,86.87099513015464
0.27109706890636964,30.727702715529173,27.528968343587366
1.5208855424427676,27.62254035370248,67.42951715108346
0.9438290634831465,22.375327015297678,36.67815094309179
4.682930850084089,33.51930903213278,68.70731664576265
1.2694049405560976,23.77304134086529,49.89869724727535
5.472765540072223,26.240883717437097,96.35624184369806
3.9719873320321923,26.617535619948487,98.16417097575274
0.31335999191870767,27.87315879110096,42.07603764108955
0.13203602135933273,31.42532826801005,21.39914474073842
0.4047817103849537,22.07308335610152,24.44643431698637
3.6749585481215936,33.1896646160329,70.28960984304209
4.82874268407055,29.751873522436135,86.79100709230656
1.5074616417015922,33.407786549787225,39.391857395053165
5.111512173246131,31.808674448997827,76.91836264481043
0.43766844690423634,33.1340586169986,19.30988757649144
4.825686736485889,29.212006611228137,89.38236826610495
5.573993038016455,26.2877077945261,96.58099741372527
4.655439554715845,27.314968757363246,98.48814996465643
4.218912625473959,29.896387724609355,86.09733892187509
5.0440832900667605,27.123182317196036,99.40872487745904
0.3368926673276919,30.78007340161347,28.593501018809178
1.2905144532424269,23.102176192960354,47.10073479105823
0.8370497079032941,31.959839787818666,32.93376317653629
3.076732842138621,24.45026367570405,87.76126564337945
4.4966099571401825,33.32737131429667,69.62861769137598
3.8170698830007526,23.866549599247215,84.95943807638663
5.121673488595417,23.549970353228773,83.4398576954981
1.0157566554024362,31.742513327048712,37.551069138214906
4.4342644424174535,31.824421932436174,76.84277472430637
1.2389447961265343,30.865113038574968,46.22635333737084
1.6974766327750217,33.526365566856455,42.62297793458945
4.288437713959693,25.246475544224992,91.58308261227997
5.8832082309022224,31.91978486788345,76.38503263415944
3.7081072752647106,26.22448636052105,96.27753453050104
0.42155185844864407,28.448783506832086,41.476876336178876
3.736222922572444,27.347200356415946,98.33343828920346
0.34986825432298585,22.070200272083287,23.334326392459495
5.3164596970642215,28.893546322469895,90.91097765214451
4.286511882093662,30.970070653167436,80.9436608647963
1.1214542938927692,24.094628602903256,48.48330317179102
0.6411539343627686,33.17987034271645,23.15970104221642
1.182846050393882,28.364794473022044,57.10590753737182
5.882160359369736,24.138952037813123,86.266969781503
2.8055077905050902,29.751370851002623,82.90357572528922
4.726077595214307,24.30307250218413,87.05474801048382
3.854809218435884,22.762400179544038,79.65952086181139
3.4772375847559607,30.22378290903091,84.52584203665164
0.9562685025237933,23.328338599665933,41.50139532887235
5.681544275992761,23.274609380517223,82.11812502648267
1.877921531836836,30.879322758181758,58.93768139746429
3.510301573264499,22.662426798496853,79.17964863278489
4.22867807307549,31.717230148575457,77.35729528683781
3.930475615947323,31.553785103773933,78.14183150188512
5.649507017203558,23.696721136933192,84.14426145727933
0.9757900405283422,28.220567767323626,53.65707552741344
3.0992811568369585,23.159505891627308,81.56562827981108
2.4838029053705193,29.590854637431846,77.23995584773752
2.8975955039474472,22.755160155646557,77.57667882605242
0.8033834045666932,33.333770275872965,25.665570767143635
0.8911581982493155,24.49276882443498,45.788454322274205
1.7406457201094188,30.19473587138374,59.47818221954642
1.897757162188905,23.53949709252532,61.34472928789963
2.6246289607199653,24.51515737992132,80.56533463802164
3.704826527516107,27.411395786600448,98.02530022431785
3.844311792767752,28.877153696098194,90.98966225872867
2.5296842898548646,33.986358884700195,57.05916315053636
2.5118203456293133,22.31111473709133,67.72975765062465
1.384008307512076,22.003773035729044,43.698276721740925
3.571006865613149,26.204405136579375,96.181144655581
1.9705413767717037,26.393876413629037,76.50143432085346
0.31275302223644585,32.60604683318358,19.346035645447717
2.5685602605254765,32.95099057236762,62.80645046314494
2.8973827830320054,32.566299716311825,71.22941702234334
1.430997922404845,23.718145005832575,52.86705447609326
3.477501805420483,26.94525802217288,99.73723850642983
3.4380542125483338,30.950621947540277,81.03701465180667
4.241812868551191,25.751332813410897,94.0063975043723
3.9228960449871395,29.958856342126616,85.79748955779225
3.9493550334740863,24.845714358293105,89.6594289198069
1.9656634957618546,25.881031095529696,73.94221917377963
4.745850109717128,32.3251557921818,74.43925219752734
3.339951863238109,25.00610843306794,90.42932047872611
2.645367351561352,33.57188904261835,61.36227962665895
3.7934736375522373,25.675114731242164,93.64055070996238
2.2278782732565006,22.28233731787933,61.91278459095078
3.125161543179874,25.058810845630845,90.68229205902806
4.4465635620451,24.05445930692111,85.86140467322133
5.329777031669876,28.081923594610597,94.80676674586914
5.534237464041631,23.35259279593432,82.49244542048474
3.0714342585802856,29.512586526944915,87.9395846706644
3.169623176969358,32.49878884667794,73.60581353594588
4.819235423506635,26.35022658164483,96.88108759189518
1.9552590812907877,24.021912631664854,64.81036225780706
5.040555937835904,26.800299949412956,99.04143975718219
3.0154357144527983,31.431601857407525,78.72831108444387
0.7835546735780835,29.097852088955147,45.60140344457697
0.5251489677303678,23.213718559931237,32.3288284422773
5.067759945132832,28.446245851924402,93.05801991076288
0.4278507097505796,27.61702457746712,45.59529622316941
1.75560747318857,25.92534707225394,69.95381541059031
2.0713672389591204,23.32192715263988,63.77259511185383
1.1206672266304036,33.7733432274433,29.901297040880237
1.9519708818317367,24.112519838719066,65.17951286248625
4.481886143678005,24.312914689488945,87.10199050954694
0.18662877700441755,23.74699230522683,28.118138605177133
4.98032320467205,28.84231646438726,91.15688097094116
5.153633339089893,27.324034893792405,98.44463250979646
2.2963432818301346,24.99468618431867,76.30135932133231
1.0063161044577453,27.153080596258338,59.391535227114886
3.6449584068759773,30.082262212740616,85.20514137884504
0.8060680796028766,25.38040637798356,48.34731220637863
2.25302423036169,32.98294931236457,56.34232790788387
5.754732167315737,25.67615484613247,93.64554326143585
5.973240388243459,24.37814836987424,87.41511217539635
4.655418858992055,33.454814162473774,69.01689202012588
1.934672908532521,31.726727321418153,56.005167027843285
4.157223790079946,26.11765149812159,95.76472719098362
4.261897556355675,32.09718221372651,75.53352537411274
2.3882660014655337,28.2257709898456,81.8816192780518
3.8812429440583407,26.161029979132753,95.97294389983722
0.16329310535648983,32.07533907447057,18.904234549671063
1.3334401857532248,31.025980802373283,47.344095863672734
3.1980209875068413,25.57449811171727,93.15759093624288
1.0661326951239458,29.280142183095684,50.377971423619634
1.0788505204715486,26.432682682237566,58.85388728417129
5.0341953142464035,22.012623670724658,76.06059361947835
5.935884715833272,33.541788896803354,68.59941329534391
3.380219625367846,28.59554891287404,92.3413652182046
5.050511412202109,29.181191219989397,89.53028214405089
5.942897819525008,29.19869710812754,89.44625388098781
0.9354157425557708,28.607697529832834,50.99136670791782
2.744649118200672,25.48057413728312,87.5997382229724
2.4161790234673277,33.65891349889667,56.36079567464252
0.5722907735124917,29.46002095018342,39.637714909369414
4.556448019488992,30.051056326647537,85.35492963209182
2.659296261203299,27.4575130878046,90.9898624026039
2.8690289117233676,25.45433680588939,89.96139490273642
0.9889705454981171,22.772187786099153,39.48591228323828
1.167467248162122,26.202762358814635,59.52260428555269
5.451911370721668,24.113169151220706,86.14321192585939
0.3634296249482454,29.945059219084143,33.132308247361024
1.473828481167867,32.548046617632636,42.84594585872068
1.8231500488557175,25.633058298947827,69.90168081206392
2.99216550016936,25.994591504968557,95.01734922723628
3.560026520787296,30.04437404594814,85.38700457944893
3.010410857518933,23.791257210894837,84.59803461229522
0.596280473885604,33.15324912013239,22.390013701076626
1.53763797892871,26.366161372305797,67.71033416564202
5.0771714700989925,23.214393351121295,81.82908808538221
3.8617733328229087,24.096208059047697,86.06179868342895
3.9299793957922193,33.192952912089495,70.27382602197042
4.054199206572994,24.96543146042824,90.23407101005554
4.601127812333221,29.947225645975436,85.8533168993179
0.44284004215653927,23.873982682459182,33.851917718934864
2.262989471102413,24.329220308185334,72.44004690133787
3.2832118680439044,32.55085862679973,73.35587859136129
2.096893251454224,23.77639864123074,66.46457850699204
5.0824253523944005,22.22500704083535,77.08003379600969
2.9471778006650347,28.014798274315314,94.07252429658718
4.634902777810336,32.352721759155216,74.30693555605497
5.126891549598898,25.911892544987495,94.77708421593998
3.078269749130639,23.537947247748527,83.38214678919293
5.466358238840964,33.78676995478765,67.42350421701927
3.5640312491681856,30.120863553872958,85.0198549414098
5.116618363118958,32.20828758337788,75.00021959978616
2.1094856939899933,31.025659267947084,62.86654939365387
3.043020055335763,30.378907287870284,83.78124501822263
3.235325141927009,26.614768805571043,98.15089026674102
0.7193803237868165,25.892079918443674,49.06959008426597
2.45145978953909,30.603503150733687,71.73238066726009
5.512292268054889,30.600556098126763,82.71733072899154
3.8219102181519804,33.40706060858912,69.24610907877222
1.1472888363781084,28.823917814179868,54.190971219498806
2.0992482500966694,25.535453269452084,74.95514069530338
1.230457757009929,27.874345591965728,60.41229629876309
0.246456477611578,29.36456580071103,33.579213708818614
5.572016705173757,27.12075759492295,99.42036354436985
2.744423236715542,31.493597480314577,73.31919682880087
1.9144569272826384,29.01535854659005,68.61541752202052
3.6310154301906463,22.113228731531805,76.54349791135266
0.14315529212879227,28.838078658784102,34.040328280412155
1.7403304289448018,29.603245431302334,62.31103050864483
4.247897447623466,32.98313501852885,71.28095191106152
3.8392416611086517,26.964660083970262,99.83036840305726
5.892655090500959,28.8936119112563,90.91066282596975
3.76011048698246,27.699969408572485,96.64014683885208
2.9172846544036237,28.379877141626626,91.72228280826468
4.592452122785645,22.80764884802796,79.87671447053421
5.429634444587913,32.767404010397215,72.31646075009337
4.352106085638274,32.92494807797951,71.56024922569836
5.78294621894134,28.576715318111592,92.43176647306436
4.713830507355246,28.67866618865135,91.94240229447352
5.214128485745366,22.690672431327453,79.31522767037177
0.7732140199834594,29.17540615743708,45.0223308439712
4.421239667663348,27.14982147854995,99.28085690296024
2.6965233272114753,30.508523562813245,77.08955344272593
3.363312434226524,22.565498999146868,78.71439519590497
3.9592042159459053,30.530652192753877,83.05286947478139
5.821909188562859,25.442725885987766,92.52508425274128
5.909010680446586,29.820463965437295,86.46177296590099
1.8005466483786412,29.525511703745476,63.888476789594534
4.429145634883706,24.72209781558679,89.06606951481659
4.5249028738180845,27.2854281425952,98.62994491554304
2.1443078817469883,32.02759910863989,58.75368191346829
0.830831671698904,29.267099723137285,45.73455476291912
0.3415870656857466,22.824859623740938,26.791067507671436
4.686324452422153,27.314905975849957,98.4884513159202
2.9892284767197452,25.741257505335003,93.74260556000291
5.914687000020065,29.69974814693959,87.04120889468996
2.843343391542553,29.37476729554313,85.46798481224403
5.869710176535658,22.124777218121686,76.59893064698409
2.5282984129449537,29.292346113021555,79.56270691639561
4.782724688303838,30.81819584781924,81.67265993046765
0.6004337066398092,31.224760388818908,31.729824266465428
3.3772240898128074,22.707709244679535,79.39700437446177
4.832152743215773,25.643901005318426,93.49072482552845
5.555739836597343,27.055282726618287,99.73464291223223
4.953240234642847,24.157260493538942,86.35485036898692
0.31812729048692795,27.04880645398012,46.128274830633984
2.298943813709732,22.853554429907106,66.07593753774876
0.38732098665172254,23.35860739608462,30.26773523424062
0.7447655175758923,30.024337154121035,40.378492011736874
4.084303209138157,25.15086953392186,91.12417376282492
4.308223358239019,30.53687016975487,83.02302318517663
4.6649520282345955,22.577302336200017,78.77105121376007
5.206193633528411,28.752436636522035,91.58830414469423
4.462645664011408,26.697383963042085,98.54744302260201
4.825142393429129,31.563656702985583,78.0944478256692
0.3888858879573476,31.407418962466743,26.622106739306588
1.4837573876036618,26.5067157094901,67.30738315762571
3.7691968629139505,29.472568169052572,88.13167278854766
5.1629392972864565,24.730586425833856,89.10681484400251
0.12655073714398885,28.964882034165043,33.09958097888757
3.136313118486464,22.97517632737027,80.6808463713773
4.0959956562499436,27.21525140942332,98.96679323476806
0.274683005858818,24.19273217845731,32.018774573771445
2.467997789564989,32.600574185098274,62.47719970282806
5.384245800163812,27.338809815601984,98.37371288511048
4.062515572249566,29.08928498365042,89.97143207847799
1.5021843438275244,26.324582323960126,66.8016820315591
5.131408664828284,25.464892422877636,92.63148362981266
2.153385398116135,24.4350373967384,70.75588746666703
5.13473355974995,32.942458992004234,71.47619683837968
1.863767541601543,31.59358938912343,55.226121764238385
3.5828894802105795,23.59913373317237,83.67584191922737
2.4419463997122213,30.96069851550158,69.82757511983684
1.7214677994548957,27.022369324439836,74.3219832317867
5.330689616814028,22.18475985952684,76.88684732572882
1.206802723442999,28.340407844514665,57.70209681518959
0.6003883882910023,23.560557281018394,35.49844271470833
2.1173689374193962,24.519211757123138,70.43959518257898
4.334070971085248,30.352491537089115,83.90804062197225
4.863846475260062,25.085704445694354,90.8113813393329
5.992585883393913,32.7026584221018,72.62723957391137
1.8485361363658732,29.88603710109004,63.11774464208528
2.506857511674565,31.98740181892971,66.1976215026287
0.9072455403747951,29.38227445996221,46.70999339967729
3.4917443847758984,32.426195092264194,73.95426355713187
5.985722219851212,26.340216100265803,96.83303728127586
4.235197959711885,28.589686922626957,92.36950277139061
3.6117557584388935,28.190684805332005,94.28471293440637
2.414977648238585,32.845488496935644,60.24120817948061
5.500262685684773,23.978984903303363,85.49912753585615
3.031807917169062,28.93672915824031,90.7037000404465
0.8927647885470629,31.053174330723763,38.40005898346719
2.2557329328748876,26.440597126403922,82.42952486423658
0.4962833462018247,32.410978295391715,23.952971106156262
1.2916763223638115,26.47617720493281,63.31917703095372
0.20424580789948202,24.079705118750994,30.06750072799441
2.7743515073509646,29.00858026486038,85.84584487568947
3.8437875632156038,27.04681612044775,99.7752826218508
2.125425528035556,22.182281256184055,59.38346059039459
2.5802524518811354,22.83806310992204,71.62775196524849
5.759334709782998,24.34332616247908,87.24796557989959
4.536582417292001,31.231959514217827,79.68659433175443
3.2910541579752124,32.70447419240498,72.6185238764561
1.778791163159769,28.54769048817067,68.14690891997617
5.392281112760672,23.26678555016948,82.0805706408135
1.4870729895958912,28.413027426902154,62.958928142787485
2.0195221100483947,32.26726552716334,55.10756767058386
5.463482405095396,30.993731549471075,80.83008856253883
3.2242981261819272,25.4931779643685,92.7672542289688
4.479675901566062,23.486687311460294,83.13609909500941
3.5853942855662204,32.80818039714691,72.12073409369482
3.9552913331560218,32.24906495958653,74.80448819398464
1.866361419937471,22.64458438174271,56.42123343111443
1.5240951635973115,31.88409387789477,47.038252658051334
2.0027048482951253,23.166551653419273,61.65354490231502
1.0171052280921926,22.759403600824445,39.987241845801194
5.258454755215764,31.103210765755115,80.30458832437544
1.7711569061756733,28.435727463099497,68.53164630063588
3.4127874270448695,26.974576289083828,99.87796618760237
4.7726491083341065,32.84634635171226,71.93753751178113
4.72456224531671,32.07164286481304,75.6561142488974
2.6864789256467385,22.69148165856468,73.04869047404523
2.9099181206616818,29.39304690329407,86.71173727742209
5.968740318716646,31.2672088384895,79.51739757525041
4.0801251141762425,28.605886957299425,92.29174260496276
4.906366814395508,33.79606598891426,67.37888325321157
5.425068418393468,30.23257005577058,84.48366373230121
4.746780033753101,23.249716152364304,81.99863753134866
1.1925581352260488,24.37957614399944,51.273128195718286
3.4168073290516765,31.914947454393545,76.40825221891099
0.7011755281558147,33.9610800777316,20.610326190004606
3.952240546727591,23.180071202468675,81.66434177184964
5.7365616263080845,23.20395181414058,81.77896870787478
3.125119179370657,31.1606446497194,80.02890568134687
2.6545377079198267,22.772251380598476,72.79756078526921
0.3114722333671628,22.82272139277817,26.178507352678476
5.7626696817424,32.66579779611595,72.80417057864342
0.7077158363679369,31.60539774782141,32.04840753781597
0.34236665049859694,32.578758398372585,20.06929269778353
1.551793007879137,29.806160825593043,57.56628819473613
0.4866295601184564,25.8704370632663,44.31068910604738
2.7851952702293983,32.87575828399349,67.5002656414192
3.1449180274169635,25.58468229969318,93.20647503852727
1.9441626992686454,25.306130073458192,70.75267833797223
0.40066684719182777,32.636805030313255,20.95667279833293
0.7584421726704376,30.169871109918496,39.95346212579997
2.368575830140576,32.748065016510914,59.78080452355914
0.45711785987656317,23.87081547104767,34.122271458560085
4.219319381098489,33.427561573187575,69.14770444869964
1.3214211949963908,29.352905880403924,55.13447567398898
1.8822222558234674,30.01642052912113,63.16562657668791
2.4253420853507754,32.96872696391742,59.8569522802119
2.5579968351079727,26.569035696335543,89.09130804457007
0.10979817528132314,30.634899936350344,24.748443811144814
0.7612151888923155,29.68408745349381,42.34068400107603
5.190310926071181,31.453032626391522,78.6254433933207
0.107275068820258,32.76331350199969,14.48159656680665
3.098187399295963,30.160730265161135,84.82849472722656
2.988061838392528,22.81167465403677,79.65727510722706
2.0652555499627634,24.19768415019736,67.85399492020261
2.644829418864053,33.447738187205005,61.94744507869704
4.705428711406848,33.623805680526715,68.20573273347176
5.063101866668243,33.60895976438035,68.27699313097432
1.6360564061499754,22.441592804801417,50.84077358604631
2.002693601709606,26.58937801539302,78.08288650807862
1.5306488328671632,31.116072447855952,50.85582890763469
2.9311940632512847,31.03462964389397,79.25765897433462
4.1312243101869965,23.0309068593995,80.9483529251176
1.4466919652341814,29.313866645074228,57.827279408327335
2.0513408781237135,23.71443542249029,65.25610759042766
5.589269243775988,27.91851199441352,95.59114242681511
0.3865588100970526,24.876228410093457,37.53707257038965
2.818540670913441,22.637934060816733,75.43289691018913
4.298192445420989,22.960233106319315,80.60911891033271
0.987678668189097,32.9307153967589,31.28613945933922
0.3795067180323429,30.93575157041841,28.698526822638485
0.9154116926673315,33.18188778127541,28.635172503224677
5.521056841831029,27.63987918800263,96.92857989758738
0.15463271274462814,26.959509987433652,42.8983021945741
1.2110996513869758,26.30088751002515,60.86625307586023
0.28457272611970286,29.39568515262508,34.19216578979367
0.7527138586169992,26.218712643656005,51.304097861888806
3.7588807911069484,30.955278807784076,81.01466172263643
1.5256695615606062,31.615807914590345,48.35751324117847
3.4583510975409935,32.51013512115257,73.55135141846765
3.5821527583201447,24.913611162943326,89.98533358212796
5.111668465229696,28.324264591508506,93.64352996075917
0.12797421818005614,24.681335400758066,31.42989428723984
5.134879810119964,22.450669881044092,78.16321542901164
3.7528026099191467,30.493903650038053,83.22926247981735
1.06018656801925,28.587775287221497,53.58240998172182
4.660330589998176,30.687127354637006,82.30178869774237
5.147400096564456,23.051474936878446,81.04707969701654
1.6001545541495283,33.946314148743305,38.6607831690227
5.520882717325817,33.932182803364384,66.72552254385096
2.781298838762081,27.579997906042152,92.84198682623929
3.660204280566597,32.392704582206036,74.11501800541103
5.909432248344097,24.922822669666683,90.02954881440007
2.233062863971276,30.850793934679565,66.17744639296362
4.897640140338666,32.55071028176279,73.35659064753861
1.978554795187912,31.77599519296934,56.6463189775054
4.815359781224797,31.741288938893888,77.24181309330933
3.644330121289591,27.556319585066383,97.32966599168137
1.3764986018298686,31.839879373345273,44.29855104454006
2.542753953356495,30.288457756255607,75.07048183710299
1.9740502427450142,23.589416777730452,63.110205388006456
0.5608395191741469,23.37021284877424,33.7938120575993
0.27602514358821517,31.263065631215678,25.057787841929052
2.1442240669023676,29.505569065275086,70.85774982472694
0.21230147212317083,28.23251340629653,38.32996509224007
1.0763777697324728,32.88714149018594,33.26927624175694
4.378581593020126,29.91508428245462,86.00759544421781
4.2777382905331685,26.753760941059603,98.8180525170861
4.457624280098558,26.967181698114207,99.8424721509482
1.9712037096668749,29.26293232981102,68.5619990102446
5.351114796994403,31.123303416236183,80.20814360206631
3.603600233367841,28.77223968338949,91.49324951973045
0.8435554163050966,28.105130586630157,51.56648151027718
0.9479401025876514,30.722808431850183,41.089321578872145
4.189263018885239,30.463174598884436,83.37676192535471
1.1203692250082606,31.96416208736273,38.579406480824105
3.093026939334056,22.75062143532753,79.60298288957215
5.951469407979393,31.059425584983746,80.51475719207802
0.12364486792670304,28.16512541142028,36.880295383716714
0.19782083119558586,22.896317440397823,24.25874033782127
5.9591990333899885,30.148120338034236,84.88902237743567
3.549369121391577,30.598482328023316,82.72728482548808
0.8487688555592275,28.283526034536216,50.81445214541071
5.394082978549153,31.525587731797152,78.27717888737367
5.294243770753384,25.60297730355162,93.29429105704777
3.263582437357114,24.422886622377234,87.62985578741072
3.768572976178464,26.208807420919342,96.20227562041285
1.7118044298551707,26.92060615955173,73.85499816295172
0.39806620859483044,30.351203228826027,31.875548673531682
3.6079488924561,32.14623925453873,75.29805157821411
1.8390556398963018,30.65101828094412,59.25622504939427
4.015364175296076,24.08785070883522,86.02168340240905
5.0338465433713475,26.39460501760309,97.09410408449483
0.20714720909474796,23.900964561373335,29.267574076486973
3.614711270645792,30.240690394696614,84.44468610545626
1.4645551841524285,24.978062538602728,59.58580386834166
5.255942137632428,28.304643194222162,93.73771266773363
1.5966205887147882,31.501958118336212,50.32301280628194
3.7035437860889684,30.05127129905938,85.35389776451498
3.365890956528708,25.580487887981594,93.18634186231165
2.437382350349569,25.99440100739609,83.9207718424926
4.097962505238785,29.84037143923638,86.36621709166536
4.38204084482106,28.59361299207933,92.35065763801921
3.4449329923843823,23.156721849640533,81.55226487827456
4.574691199390049,32.487899071282555,73.65808445784373
5.902160748358332,28.151358976643543,94.473476912111
2.5737070886147504,27.680332158369584,88.208547412121
3.1360400061246323,24.38127203958715,87.43010579001832
0.1735722798531581,26.523925827646448,41.18628956976611
4.7965684822312324,25.99389834778119,95.17071206934972
3.169357395571364,25.248828193953123,91.594375330975
2.506972439127335,28.80887889576128,81.45683008289257
0.6550245822274353,27.547304323363385,50.47343089240446
5.348972887884844,32.670372223776006,72.78221332587518
2.430542716239283,33.296127724565935,58.38944124686917
4.1272314294344,24.63368115073709,88.64166952353803
0.9813075225720895,23.201265145206527,41.39222314843312
5.7731428142920915,31.42405061785299,78.76455703430564
1.1528063947488025,33.93833684366331,29.752111045392176
1.2772977581069933,32.36320083824985,39.80259113854058
5.167998877290511,22.284368825424817,77.36497036203912
5.484238190437394,25.015162608477592,90.47278052069244
1.3516697043874786,22.520107324495168,45.52990924532637
2.8718252402314848,31.849352524493998,74.1596126870585
4.427619936920696,28.976883715507796,90.51095816556258
5.28235782948373,28.164622494004647,94.40981202877771
2.336410900720101,28.65339858395833,78.79190481140203
3.1504149724116326,25.029415104359092,90.54119250092364
4.476126822066436,29.219660429666355,89.3456299376015
4.413702262251492,22.36800374156836,77.76641795952813
4.719464767153901,29.752140687650076,86.78972469927963
3.4626095299850057,30.81320596214597,81.69661138169934
0.7172290711481738,30.076315164541924,39.57826863316224
5.433442416180436,25.985410219746644,95.12996905478388
5.206877981994066,31.915154981530513,76.40725608865354
4.808774871328165,30.586527965409786,82.78466576603303
0.689188615248304,23.539567875091336,37.1736981054045
1.3059444657804324,24.34173064645978,53.359196418615596
4.487242154135147,29.64530095813886,87.30255540093347
0.236526558033484,25.472993602672314,37.40090045349679
5.87742533887295,23.433195297354843,82.87933742730324
2.3251536140985163,23.859627917798708,71.42928628740412
4.343943948775859,23.987406166484806,85.53954959912707
5.3366694220794555,27.733490881820586,96.47924376726118
2.4283163400854857,29.288625441153968,77.58092468417067
1.9828816827380298,24.11682729825298,65.8184046863749
3.691572660499656,30.549959324358653,82.96019524307846
3.5278373051134997,25.37215129001834,92.18632619208805
2.5139258679863032,25.73869766072753,84.22426613121822
3.65047105961948,24.68198345288929,88.8735205738686
5.618750080442319,31.42247363131829,78.77212656967221
2.8590775140969193,33.51776599524253,65.89627350477426
1.260778866428725,27.909998184137113,60.84758604471636
2.325515299009723,22.504367697183906,64.93127092667721
2.4252311972994,25.12683179710571,79.51341657209541
0.8735412888546972,23.896603493426152,42.57452254553947
1.060941853271874,32.113147418224216,36.675729457961246
4.138916233022695,23.018247849198463,80.88758967615263
2.102918749832526,33.597714888260604,50.38934353299962
5.7339005119492645,29.062165319495513,90.10160646642154
1.537220797615784,28.21287744488996,64.92260421684388
0.6836545801184517,32.16820746903024,28.86569575102387
4.545676921701522,22.330571455497473,77.58674298638788
5.298112706315433,31.325832992884116,79.23600163415624
1.7408688055417785,23.3992485468222,57.53376913558213
1.2923197997083202,32.08933718728518,41.417577495197534
1.1960201957394145,28.350114630854343,57.43985368668744
3.179872578062423,22.733552828321102,79.5210535759413
2.863658183355949,31.998940465615892,73.2782494321627
1.630695055141752,22.32776940485502,50.18719424613913
0.36652139023761565,23.66044831472324,31.300579715423865
2.9407989079250565,31.573894285919547,76.8612855860873
5.760060851050089,27.57845348629469,97.22342326578548
3.9498632844407133,32.576664452258,73.23201062916159
3.023488684108849,29.625151273493003,87.39927388723359
0.7530832367747351,29.482345052444895,43.1464084837592
1.589374114242565,25.50682127358418,64.62022439805536
1.8391663024898022,23.604166282620803,60.48332420637589
4.612340960382682,33.53406869076019,68.63647028435108
5.272593703861254,23.257572269720743,82.03634689465957
5.419686936041987,28.34812720088281,93.52898943576251
5.908954788679449,25.270823090017362,91.69995083208335
5.895963430316741,25.169687962977456,91.21450222229178
5.722694883331091,29.135034631633758,89.75183376815797
0.5237506289670179,31.575209406146428,28.514007429837505
0.9129818619740506,31.326153793975344,37.49409902839936
1.8963525062085942,32.42562027032264,51.88407282662322
3.362099698980323,25.514832854948406,92.87119770375236
0.6721695433623279,27.589016580580886,50.616111280458306
5.090202051032641,22.1120148786403,76.53767141747343
3.7388614565561236,30.962291477636384,80.98100090734536
3.2999499735830096,25.628117345707395,93.4149632593955
1.0753368078670178,28.737922399242237,53.16470864097762
1.5942072989611646,24.031603384233406,57.63584222354365
1.0458409473953225,31.832794085611944,37.71940733696912
5.126405630989312,31.80726663133933,76.92512016957122
3.5469443743611877,32.529434977035464,73.45871211022977
4.437263622365837,22.551243965280673,78.64597103334722
1.846593891169152,33.909504517300164,43.76625614034226
2.2903905588208353,24.973352973276334,76.07990544814312
2.4886442901165498,25.713204232568195,83.59626611865832
4.584088333289806,24.992028750285353,90.3617380013697
4.656882627279951,25.21039238039839,91.40988342591227
1.3201998123327872,28.63193627324376,58.570702135085696
5.655079254754784,24.877726531645354,89.8130873518977
0.8118664909177498,26.725255736804858,54.918557355018315
5.387120286299419,29.867278989318585,86.2370608512708
0.6923343093338749,32.03231444293272,29.691576860600428
1.6607848857927356,30.312898003202555,57.313787300482446
5.094223362800946,29.13187413744788,89.76700414025018
1.1590032268419161,23.772742750492824,47.68922973920388
2.5400507947288222,31.79338721849539,67.79275724579857
2.7541698696703447,22.447298655916462,73.23043094180592
1.5470279408369372,25.170299958823627,62.157998619092155
4.29044668788232,22.684707003183533,79.28659361528096
5.122874431473003,30.00914770701355,85.55609100633495
5.259993325147874,26.420452991122175,97.21817435738645
2.10200065984571,29.8245817984584,68.48202056431388
3.2320173262981053,26.164371511643083,95.98898325588681
1.565597782807344,27.46888876959393,69.06128956209601
1.5442993591458583,27.49553212199417,68.50743299734515
1.0513989708263525,22.546967844010535,39.65342506777762
5.646112163764337,27.162718316152045,99.2189520824702
5.339134088772922,29.69277235738243,87.07469268456433
4.686416408633384,28.552626952905207,92.547390626055
3.1542029755976015,22.903405195339445,80.33634493762933
2.9945867015200442,30.016671828240987,85.41170925484414
3.2254994304767384,25.706353058983133,93.79049468311905
3.265751280104827,22.173217633348266,76.83144464007168
2.663922199716373,23.867146685010944,78.24074808238
0.8773535140631981,27.970715887798715,52.88763401983013
0.8414167319243624,25.724819908360825,50.70747019861921
5.718273323489531,30.33259616504261,84.00353840779547
2.9439814815594687,24.887841706789175,88.74126982377742
5.723912596940615,31.273554021702026,79.48694069583027
1.065103578489649,25.437726176727757,53.80315721808621
3.371057657035608,29.450364491012987,88.23825044313766
1.3255317947740817,31.59059656301416,44.47577239301367
1.5937891761469494,26.626673543724987,70.08381653281893
0.27732201469095485,22.561659301785646,24.2424049423902
0.8018245333672468,28.42534625270657,49.194828654353394
5.509405605012255,33.944908738534004,66.66443805503678
1.9970446497457575,33.62790239652296,48.12696149160492
3.6879623502960905,24.652266327330018,88.73087837118409
2.843583378736711,31.06835811309103,77.34354863189728
2.462662346947142,26.13942198184079,85.12247245177863
3.238127938941802,23.923269762197098,85.23169485854606
1.2047097732305152,29.99097640722992,49.73750870990669
5.932763001265502,28.010424754321228,95.1499611792581
4.928016425352792,28.47076669186813,92.94031987903298
4.4755263331159405,31.928711946826102,76.34218265523471
2.86567985238232,26.038524110649078,92.69851277876197
1.0019750205453823,30.005137114667956,45.61484226050146
5.53192856381405,26.394297603551504,97.09262849704723
2.1141836975521935,22.51268675896515,60.74457039407658
0.3956294692119092,26.536181288036186,45.68625956681188
2.1201816931827095,33.400413558449614,51.68164878309604
4.787296479925717,27.799149785061005,96.16408103170718
3.7739815954304285,23.298765242042418,82.23407316180361
4.529947649994672,30.25392195251471,84.3811746279294
4.782448764788026,33.560552196622254,68.50934945621319
1.3505322053752014,32.89534295853109,38.712997906554804
5.550321564949763,28.863530053697666,91.0550557422512
2.6841386572301986,26.515368932182376,91.35654401907938
3.8701805306585713,28.968132022110886,90.55296629386774
0.11362175826177782,31.791172746390995,19.27480598255878
5.9608741406259504,32.33484810422145,74.39272909973704
1.7572886771885154,31.826126619309292,51.98036577108571
0.46617232858691593,27.465716541300853,47.08800717349422
2.8037460450654326,23.426295874842758,78.92114110055388
0.8612773373740463,28.830081120865316,48.44115736732741
0.9987275899296967,23.87714593640038,44.98485229331577
3.8304685968782404,22.731500006774272,79.51120003251651
2.4182716102643766,27.98401400114633,83.64216499978515
5.538929455914471,29.864481400559534,86.25048927731424
1.9830233181876136,32.249767676876715,54.46158151474404
4.384462757465016,31.394026647451643,78.90867209223211
2.8204866379139553,32.28688615307858,71.03267922350193
3.9937126766627453,31.120825249850686,80.22003880071671
3.6382026046243436,30.43887276287367,83.49341073820638
2.8894254392780896,22.121650829688395,74.37243276806609
5.705360458284179,29.513227741710526,87.93650683978947
2.12201049225424,23.445781649669414,65.37996176349799
1.1456894573707084,22.704005587990494,42.29301596976854
4.100754959190986,23.876945825267864,85.00933996128575
5.091444611716661,31.879505937301005,76.57837150095517
0.3374970656455502,30.92619271720026,27.904216270349764
2.7528328616938156,33.385268862462546,64.4073666940561
5.365677369155225,33.74771510380492,67.61096750173638
4.522749851644918,32.71940783648779,72.5468423848586
5.951665527336006,23.59511261172399,83.65654053627516
3.2353414884237384,32.54059289109976,73.40515412272114
3.993974740926793,32.06364561746374,75.69450103617405
1.8846336587137762,32.453030318316365,51.518127646356966
5.690460038029355,23.820227405397898,84.7370915459099
2.2613793824835646,23.40150193327981,67.95479692941439
4.457213204851109,33.08570655500898,70.78860853595688
2.4785272043025834,24.085919789614053,75.58295907619913
3.414731687371696,26.423460772511213,97.23261170805382
4.346716956627122,27.471818193928723,97.73527266914213
3.1027114953329904,23.493310333954774,83.16788960298291
5.4518093287661005,22.24761145639057,77.18853499067473
2.5738758287740806,33.92908563720539,58.21790551689574
3.917723609045619,32.51988693801953,73.50454269750625
2.1199383564703194,32.948055152207644,53.8481023988097
2.508124342562977,25.41475683126542,82.55331964133356
2.6962956385779595,24.64121887294527,82.60376336169648
0.842261408042483,27.11039869810512,56.31531440994509
0.6411697064481395,27.439832427736082,50.712198475829595
4.038190546565872,22.067193266370886,76.32252767858026
3.9675546562240087,31.351037350717995,79.11502071655363
4.011167313839562,33.96000445770421,66.5919786030198
0.2166220275218809,28.344290441225073,37.879846432557265
2.0266263717635016,26.659104340149415,78.89622826798723
1.267078098829262,26.71302271865444,63.964071026126554
4.691093393009673,23.15292558606521,81.534042813113
5.177719368237168,25.193941820368142,91.33092073776709
1.5554142256342693,28.025593463615575,66.18543588733063
4.0403100372031195,27.18217601361637,99.12555513464142
0.8632405404038193,28.540416948917322,49.87080945327324
1.7233999010501089,32.18878778364888,49.56181665948756
0.9180615277771752,24.702907632395345,47.33518719104116
1.7727725229354525,22.331970170875742,53.048907278912615
4.080945629360739,22.45870534339289,78.20178564828586
5.470928770092989,23.6100256636823,83.72812318567505
1.2948822067526973,28.845795817652828,57.037824210320366
3.2982663062092437,31.698217720455098,77.44855494181553
4.2382074973362505,32.64167127136758,72.91997789743563
5.722242564064838,29.621358423699654,87.41747956624167
3.699356849034326,26.83771902941072,99.22105134117146
1.6051308930615462,23.85417649787377,57.00266505102502
3.7903211257922242,26.81702007332175,99.1216963519444
1.9908978539002955,25.988981606893404,74.96506879109425
5.859157505081075,32.440310570285654,73.88650926262886
2.458089197465458,27.840632528927287,85.12674781045817
4.144023552489983,24.714350799454344,89.02888383738085
0.23704273584587504,25.46561280178936,37.37579616550643
2.460362532195057,23.637641974512267,73.06793212156002
5.263134918602819,33.02302538882957,71.08947813361804
3.700341922156151,22.604150154837622,78.89992074322059
2.7192630297362608,22.154154982670732,71.12520451154474
5.622031246670783,24.195867202322425,86.54016257114765
5.138507819268652,31.730488214927508,77.29365656834796
2.0010724755553357,28.281601439572974,73.86976260115644
3.312835572043904,29.510119448523838,87.95142664708558
2.9899631109455305,26.292780104988818,96.40460672285693
3.829994750677688,22.82413582659004,79.9558519676322
2.071256475056658,32.273897949906015,56.11041934158428
1.5408095045187409,24.30273126550489,57.86930016479829
5.4847638280076625,22.396710406541377,77.90420995139861
5.5508595470411874,28.872449631198325,91.01224177024804
5.075605025995676,22.99947064461521,80.79745909415301
5.871406141510912,23.149142222318012,81.51588266712646
4.495450002100162,31.6045243777903,77.89828298660655
4.611536648515798,27.899315071815945,95.68328765528346
4.59928154257958,24.898101426965717,89.91088684943544
2.9355850225596085,26.183517080314225,94.79258243670044
2.793067947634203,30.750891746118057,77.85707857131739
1.5173350292791188,22.796249737079222,50.16869932356264
3.904433246719814,23.39776739119852,82.7092834777529
1.806988803003774,29.395144419886837,64.64308284461866
1.6210696172438912,29.283660813605287,61.45982043957245
3.5571721071667235,33.66954621442446,67.9861781707626
2.518896090527755,26.494593775065397,87.95197193086901
1.3912539918883302,22.78093152613019,47.57355116319151
4.9147304988417035,28.450449218195537,93.03784375266142
5.177362523836818,29.660161741141483,87.23122364252089
1.0894271660989077,23.67523342943499,45.8296637832661
0.14429149351999923,28.63434368242236,35.040980194772644
2.083166814323305,24.373205459899175,69.05472249398214
4.80531393051644,32.13676069457282,75.34354866605045
5.051125810782514,32.02193794940595,75.89469784285143
0.9161415136846904,27.1555491519813,57.57619434418356
4.6685818169800015,33.60091828615365,68.31559222646248
0.7826545871256337,33.7572864933969,23.218116574207567
2.4013692819235226,23.551013067371436,71.47224836185335
5.991796138570304,26.41256565798961,97.18031515835014
1.236285857062368,29.203857640559736,54.14720046656063
1.008385137207996,23.018053714977334,41.054360576051124
2.5945219620260818,26.591866045769645,89.93139626021593
3.7560443032221826,25.134065008199087,91.04351203935562
5.604114616238194,33.42460265160045,69.16190727231783
5.8868447586449015,26.939029873977645,99.70734339509269
0.5108797558892284,31.15205030257015,30.287753665447852
0.9141853523526414,26.640464362146083,56.55793598535402
4.7653540459863635,23.581744845026027,83.59237525612492
1.6967296983980769,32.35781836193017,48.21706583069671
5.3206094510875275,22.005003002837245,76.02401441361877
4.014374217651612,22.6712904876934,79.22219434092833
0.7598843340459953,26.37261287076452,52.186228460589604
5.011922781051642,30.242779066224838,84.43466048212078
1.1405026420476476,26.100451543489307,58.49222024970163
2.5986228286099577,22.7957538114517,71.79207486716732
3.3578910785000473,25.814080404809786,94.30758594308698
3.054520279573642,24.939770307881947,90.11089747783335
4.148361202129387,22.065037597818375,76.3121804695282
3.950851735728606,28.41762295816482,93.19540980080887
5.953047832615524,23.399750976930232,82.71880468926511
5.996589264422708,25.449955465559995,92.55978623468798
3.147110475550282,29.694277962668973,87.06746577918892
0.6616746130690976,30.701388265875728,35.46682858517846
4.394275463915438,25.16146752227227,91.17504410690691
5.862318061477876,25.950324052782808,94.96155545335748
1.97812568701122,24.962910857529582,69.7844858563664
2.8211324264416855,33.4826632037943,65.30586515062106
2.60618385641119,24.286236723848834,79.09761340269822
0.40337301188588326,24.198167243604114,34.61866300701742
4.066360144218325,27.340423549978382,98.36596696010378
2.1846924009039603,24.27167631040683,70.59789430803198
4.746036860325863,23.880501475427298,85.02640708205104
5.009508444163718,23.150554452413026,81.52266137158253
4.945261640927288,29.682054977298993,87.12613610896483
2.558329388435293,29.344987058822753,79.91064988635665
1.9971195252213074,29.801954702535596,66.49300793225528
4.518042600035623,31.279600096112755,79.45791953865877
4.828197659672066,25.91629615351091,94.79822153685237
2.9984189337090603,33.02108480334306,71.06717161813454
5.3688830152641875,30.79845533282507,81.76741440243966
0.9490613068634939,31.65650306297424,36.63001143499352
5.286505799987864,30.651545965920533,82.47257936358145
0.6669618745340995,26.30146774519074,49.98628266759755
1.005800580122222,25.396389856751618,52.418682914852205
3.2496560783163666,27.07020483494817,99.66301679224878
0.4983590331057487,23.164364326400303,31.55612942883643
0.41156189826065115,27.415366018791367,46.23748107501446
0.10306059057766258,22.517691797142877,20.546132437839063
2.6742682921961527,22.047351520326334,69.71265314148945
4.670280899624156,33.17798727369632,70.34566108625768
0.3055462666515024,30.272042327054713,30.405122163167427
3.9483198781485473,28.74216336479163,91.63761584900018
4.9564511727555,26.093224473076695,95.64747747076814
1.0912050066094396,28.84645617622089,52.96111048632852
0.966496035446285,32.69890931605998,31.975155991837784
5.178725744361163,29.828561607326375,86.42290428483341
4.956435198705559,29.22978397544205,89.29703691787816
3.279756420958703,27.522454035660136,97.49222062883135
4.933279287834484,26.148364367810295,95.91214896548942
0.6472608568045192,30.382565367060543,36.70890337419978
2.427440955838651,33.77177129218977,56.04431691426214
4.4530055810275995,27.097092322247082,99.53395685321401
1.618966560011384,26.70646244817041,70.97035095144565
4.538740595157961,27.13736166838051,99.34066399177355
3.074653765905802,27.106527616596658,99.48866744033604
4.526569328894575,33.88749728042194,66.9400130539747
2.841609863358245,30.481339090112087,80.12176963462687
2.270635607308724,26.3102133905271,82.10173642070455
1.3932163772239308,26.45802848592067,65.26286427689784
1.3294381144665888,27.16956309692867,65.77485942407417
4.533795782371237,22.440546250965397,78.1146220046339
0.8015710534003669,28.333796824255,49.62919631158334
0.6072958656545763,31.736571418273176,29.410374505380283
1.140119053630568,29.92681351849013,48.753676183858744
1.1345444175781392,24.3810501611385,50.11992912502758
4.956334974560709,30.73641089654044,82.06522769660589
2.4511890784978534,30.633503275984364,71.58296584523212
5.943291898426846,25.150470587787964,91.12225882138223
0.9095464209646131,29.47449588228322,46.313348184332796
3.955884971592496,29.331388397463236,88.80933569217646
2.747504092487379,32.07745148627418,70.57831471563152
2.4182172425127364,23.632867742001295,72.20211001186095
5.2629967744190855,24.338062054138273,87.22269785986371
5.8560143103875575,27.83163404521366,96.00815658297444
5.249867856767654,22.529741786707685,78.54276057619688
1.234574006307285,26.98713037122048,64.62970590800401
1.402707735132711,31.458628503996678,46.65273788347017
3.9708358866608737,23.78457272780798,84.56594909347831
1.8055931316653313,27.5193848432383,73.61881538576279
4.434878271605421,33.87723080058933,66.9892921571712
3.4418818397769035,28.071040161098374,94.85900722672781
3.3503617340933776,27.979885889465088,95.29654773056758
4.988426856548836,28.705523004690015,91.81348957748793
4.292143353281799,24.232052443992895,86.7138517311659
0.25680881348402107,23.76596659223133,29.6128159123908
0.3918089091614926,30.1282555493813,32.82055154619961
3.649194869490493,26.749201718869244,98.79616825057238
2.9685332461714258,25.47887953858571,92.06928670863991
1.6350894665236495,22.37669943903877,50.50994663785909
2.5700709151573298,32.15260596614179,66.66890966566599
4.571670880523877,22.387946390137994,77.86214267266237
4.977007759481787,30.999797488999832,80.8009720528008
3.4112161005512607,26.583862707982973,98.00254099831827
2.3736799370569077,29.1842537260558,76.9891808560703
1.6971108928211316,24.972136008281947,64.20847069617598
3.1793189775385957,23.864795994784878,84.95102077496742
1.957022749529848,28.400656010019368,72.41730614250399
3.4281613085786153,30.347412339449725,83.93242077064131
4.092249056806862,24.345919539341757,87.26041378884044
0.4898673444244296,27.23630736919077,48.6630715163729
0.10629804363420871,27.335859643496747,40.51383458389979
1.3524351191603836,24.591749788953553,55.48910137018473
5.377617836540808,28.780593355025573,91.45315189587726
3.913115503048499,23.751228241380407,84.40589555862596
1.114566076428435,28.116990079822962,56.92976914541849
5.352557374759351,23.361178136391995,82.53365505468157
2.872740047695306,27.82650890626165,93.4875582038502
2.908941364404098,25.73918865850668,92.12693284891402
5.619697468671665,27.42695550497842,97.95061357610359
0.45097148388170616,27.20499231331809,48.03546657370729
1.3695518203094394,32.89519747382312,39.094088531837826
3.5560508184128623,27.879227199477555,95.77970944250774
1.2533704065338243,31.821986846522492,41.92187126736853
4.109209354332851,24.707828714940582,88.99757783171479
1.3631445070866492,26.224993535611105,63.54285911266629
0.6850261265330047,22.90107256759829,34.02567085513189
1.3212124418809545,27.048973537857925,66.18917585590106
2.5941308022051675,30.024398644899172,77.36550254858733
1.1392159651211715,32.05800440931276,38.50589813772219
0.8946829470477492,28.790978941589863,49.29696002132364
5.175663128691751,29.68087203511694,87.13181423143868
1.9903435012241164,24.127204931403377,66.01745369521853
2.2284762504576965,22.446472458801274,62.71259281140004
0.4260954160572431,31.500257742127793,26.920671158931455
2.20848077866212,24.004458489295438,69.7910163218605
1.6623623461973203,23.09403442639303,54.49861217063295
3.7018618973165527,33.250747850879144,69.99641031578011
1.3118027562671997,33.562256368710116,34.737224555535434
5.341356173070759,29.395087499229938,88.5035800036963
5.585033063425375,26.54364727224752,97.8095069067881
0.6890032373430621,31.99887449156862,29.78546718733186
0.7336774421026055,24.45663951202495,42.46541849977187
0.7804259848548291,27.152707929156183,54.8755216371469
3.755458612230841,26.28420758800722,96.56419642243466
0.8196168888367751,32.95239988890018,27.82081831001463
5.129055675788571,33.03732898434728,71.02082087513304
4.550201938133566,29.810631115883997,86.50897064375681
4.936872263604342,23.328881683272304,82.37863207970706
3.2037571086275234,27.78631347589963,96.22569531568178
5.980395547963005,24.94394039468868,90.13091389450567
0.36063310737055154,32.61898795821378,20.24151994798489
2.467463288698069,23.66083358819442,73.3212669972946
2.0112263467320535,22.65172331032849,59.352798824217814
5.697008442404582,30.453148402600938,83.42488766751549
3.5034796551357985,27.439432899617834,97.8907220818344
4.856526696123879,32.060378651237016,75.71018247406232
1.1050130425852613,22.89555557403174,42.39892760705757
5.873941449012589,31.61291359129411,77.85801476178827
3.0419733265702598,22.4480170341299,78.15048176382352
3.0126652499968105,22.336840142967482,77.61683268624391
5.828219898419853,27.535789020772356,97.4282127002927
2.346320931181156,24.655495476167822,75.67279690922865
2.4453976448744585,29.124624484078367,78.70975537391301
3.5500409465491263,22.309803930537644,77.4870588665807
0.855510402231943,22.424674508355743,35.14864568474643
1.994405195829944,30.725781954063287,62.00435053709511
1.2399291024262702,24.52198194990774,52.904095408082554
0.7093725267315927,29.877005483928805,40.377824211773586
5.210253177353018,30.999065938009103,80.8044834975563
3.577053880152109,22.711973988699608,79.41747514575812
2.2161694700146763,31.23704745357087,63.985561623153345
2.511149326463606,25.221054615535433,81.68404868384219
2.6459621217553924,26.67455149839698,91.35708962741336
3.835580174653786,23.0396703075438,80.99041747621024
5.56793940978506,32.06355980037823,75.6949129581845
5.603399755976197,28.72874543590917,91.702021907636
2.409802679230914,28.055983334166065,83.12733358062118
2.0426485116268407,33.62265773083307,49.064213124538085
2.761174351093005,26.01406911928805,90.49101879444274
3.4508119595281066,32.689351437720354,72.6911130989423
2.824725677553515,30.63625457277525,79.0404916017491
3.986645117918536,33.14233763022687,70.51677937491102
3.3709542379406057,32.893624633149514,71.71060176088233
1.9922217254950492,33.89235766031284,46.76111774039935
2.1398117539995325,23.58012102444589,66.38081599733093
2.3336974466024127,31.552196705099142,64.82340474757237
0.6583746326713933,31.653932259370038,30.82861780845169
1.0797695312424416,29.732482338141843,48.479475401767985
4.366371432657778,25.346331498858426,92.06239119452044
2.3956705979802724,33.58177925953978,56.32087151381451
1.3657799381048477,24.453065654682515,55.09031390457302
3.419767222391658,27.99490454030127,95.2244582065539
4.5576833005932205,28.257845353830234,93.96234230161488
1.6187919378376916,23.941952138032466,57.69720901930967
4.978060303350093,30.67034586799889,82.38233983360533
5.572278671787792,23.066405970162876,81.1187486567818
3.6246277215356604,30.31717334616053,84.07756793842945
4.04679118805032,32.183385955487644,75.11974741365931
0.41019834290602675,26.192757100988793,44.32920094286674
5.678567357029248,30.513049703190404,83.13736142468606
2.4156599321631687,23.8812880977742,73.34338151257953
5.551012363218036,32.15138801743454,75.2733375163142
3.5159673960264315,33.424380382638695,69.16297416333427
0.12725091317563292,23.832324321997323,27.34017500909981
0.32739779600827074,30.302313687667986,30.69685021935908
4.11447095345254,28.06997315867831,94.86412883834413
3.4197412816084056,28.377991981988544,93.385638486455
0.25654137951583866,30.47787662320826,28.437019798917124
4.4864137712120735,27.864885992037248,95.84854723822122
5.127657488708172,29.203916704212602,89.4211998197795
3.028863146391919,24.770812232936528,89.29989871809533
2.8479688981078044,26.54207915786356,94.76135791990119
0.13229134212430216,32.38288420085802,16.807982678367534
4.741233303712236,23.318830139780626,82.33038467094701
2.0512247938020223,29.17090313120368,70.60416084626279
5.284705356716984,24.21144474681868,86.61493478472967
2.301057466592513,32.15847517508046,61.26046849146405
3.433959672721163,28.948527446242597,90.64706825803553
1.6950165503760326,26.836585392043254,73.11594088932827
1.0474710442510202,24.997896083821814,51.33932208736511
4.671956629949835,27.24213639027561,98.83774532667707
3.0298838251930618,33.491347911060906,68.84153002690765
3.26527875013828,28.11051147692345,94.66954491076746
5.795954125542239,27.63387438039832,96.95740297408807
5.785121482110706,30.955285762003708,81.0146283423822
5.148288518044181,26.54856484998288,97.83311127991783
1.2068948273136983,27.129087398569528,63.51827703314024
3.606208896379322,26.04337277885943,95.40818933852526
5.281069805467671,23.811037063952696,84.69297790697294
2.3093372250487327,30.565710570431808,69.07133376290197
0.6965263790199513,32.47637096660348,27.643946940702307
4.884681123215539,32.867111790913185,71.83786340361671
2.942404953036813,32.56963525645335,72.11384982976016
3.429916814119154,27.421405629255915,97.9772529795716
5.894651348275282,25.408794306438356,92.36221267090411
3.6825474399150258,29.655084995209883,87.25559202299256
2.6073783754299984,33.45645894287238,61.156564582812535
2.282907770298467,30.72460777802326,67.7800380714577
2.5639538266588695,27.938182739081878,86.77579938558438
0.7985545907541457,30.26570289416138,40.2957179231083
4.789028294663674,31.270454949452763,79.50181624262675
5.042529463303542,33.03123113593685,71.05009054750312
1.7779430939831125,31.15858904766585,55.59763445086617
1.8924000486186703,27.198286667630867,76.89622496774524
5.258572112375398,25.28327822158581,91.75973546361189
0.24142509761493722,27.998579976755096,40.035318063874286
3.170698918226644,25.938135335265663,94.90304960927519
2.8356867166208564,33.31317511225377,66.41049379359904
4.171747940512913,28.095590121399546,94.74116741728218
1.0640110308817816,27.6646760315681,58.08977566610875
4.043151370691407,26.178354617858353,96.05610216572009
2.322730646461771,29.672883883499203,73.62477028843927
3.7504171912008886,28.240615343451374,94.0450463514334
0.336560558249378,23.54858707477908,30.16442912392714
2.8241904633886055,32.43049372996593,70.41743936393564
3.181280274495996,26.308153985725582,96.6791391314828
1.3645257768444212,27.19094115949785,66.37399797129875
0.9237795596568121,24.46800467996295,46.3220136569584
1.2119983877725784,28.64077849141467,56.36423099666114
2.130432360573754,30.424660749142994,66.17027561558871
0.6711798808993316,32.57398384751127,26.668475149932526
5.689186794804666,22.619291979667153,78.97260150240234
2.489464962825322,33.67998291639254,57.72538125782225
4.8729206547898185,30.44581290424428,83.46009805962746
5.849061026342195,25.41158421293821,92.3756042221034
0.5763381520161608,24.453697060167592,39.30450892912766
3.9448498608164653,25.553055023855176,93.05466411450485
5.241313611773163,32.50870901999731,73.5581967040129
3.8419831604036974,25.496682078351405,92.78407397608675
2.6312541160087353,27.55385361468683,89.96658496967792
2.643350510063836,30.46885665090679,76.21649827692411
0.3118034274434176,32.46387836468663,20.009452398372535
3.254144432606725,29.90285394815325,86.0663010488644
5.9619036810424,31.037310358413073,80.62091027961725
5.756374403234411,24.07992155555147,85.98362346664705
0.3383554501687628,32.52889393229367,20.22841812836564
4.26420232141398,25.308630203417326,91.88142497640317
1.880412713511892,23.540537968678187,61.002836519893144
5.427636005096207,33.714931484088034,67.76832887637744
0.3661769996847434,24.41967910544993,34.93799969985453
5.621657201865375,23.639823640935717,83.87115347649144
5.041106888347883,29.51225080122144,87.94119615413709
0.7932758552903489,25.826357793953143,50.232034516782065
0.4529635901720652,23.60019046216592,32.740186021837715
5.024775219528921,29.21345340659051,89.37542364836555
1.0189702587500185,31.107822726666825,40.661856086999606
3.2558991025576365,31.518380490485878,78.31177364566778
5.502894661484386,23.86615121214727,84.95752581830689
3.447943869941008,28.682404815279305,91.92445688665933
2.4436764786896625,31.76414044817753,66.00565542254111
2.725594723638554,23.933044137090224,79.79050633080416
0.47239130715283906,24.4921870212481,37.410323845047664
5.815638696033433,22.02893676918013,76.13889649206463
1.9328596919783887,28.295609876743455,72.4382664311992
1.2172446008698377,24.336180362343413,51.558557756645136
1.7876790808583323,30.69091090872279,58.03720925529726
5.7898018498597255,33.546566267411265,68.57648191642593
0.6562877155792414,24.505065867988844,41.15007047793128
5.21708793895697,29.78916414116239,86.61201212242052
4.276278976968542,24.542013537502136,88.20166498001025
4.997113157038266,22.216082307756448,77.03719507723095
5.857795488170589,31.102650330575017,80.30727841323991
5.068712467549544,27.208056119810713,99.00133062490858
5.665955872539332,33.361442338175834,69.46507677675599
0.8489180150664267,28.411430585720865,50.20349348986838
4.795152534485124,23.889794427708207,85.07101325299939
3.3194865950781822,27.397293301567334,98.0929921524768
3.3066240109711784,24.434701537672197,87.68656738082655
5.40363730029103,32.536351272238896,73.4255138932533
5.833642530015597,30.290838170650296,84.20397678087858
4.258546105954768,26.094865655856445,95.65535514811094
2.9493364978835253,28.333843873685687,92.5842793639792
2.7927827616208876,30.033762258556344,81.29359639134731
2.379414597616773,31.394292599745103,66.49568747355896
2.23343427447871,22.9617665184465,65.2851647781174
2.4098903659381454,22.27022610394296,65.49489261768912
0.6295440879820521,23.373432366038678,35.183357116626695
0.5568729030365855,26.739955722070754,49.88924552667133
4.7012320788466395,27.600479320985105,97.11769925927149
2.731830068229334,23.637539562566182,78.49679126490436
5.591038482413261,26.933837654795262,99.68242074301726
3.7121039507043196,27.299473436341966,98.56252750555856
0.30753829488807655,23.30907956412984,28.434347805584757
1.0293877137731289,32.999919522348804,31.788140568188314
1.3143367787767448,29.18975113105249,55.77593014648295
5.856842543898997,26.662426365475383,98.37964655428183
1.390354934294646,28.08288620166648,62.60924491789382
3.142958490099503,25.77036983762568,94.09777522060327
5.623443896677157,32.251972379735115,74.79053257727145
5.865437106494708,28.900180498822046,90.87913360565418
1.494526568762913,27.938749772722524,65.38453246619014
0.3897940981252368,32.93062483714717,19.328882744198317
1.0062508119727753,32.05575637880881,35.85738562117322
0.4736380243450927,31.753622697110192,26.655371540772933
1.251233022444785,24.70731045078213,54.01975061264993
3.4545613167520393,23.83747733762028,84.81989122057735
5.483447898144287,30.281158236552972,84.25044046454573
3.2695914137966064,27.62370707609675,97.00620603473561
3.7933383845245765,30.204552555482124,84.6181477336858
1.2910167844962928,31.127526785333394,46.008207120325565
4.823443361975715,25.54376208813701,93.01005802305767
3.7449545601829413,25.415805197473706,92.39586494787379
5.198407292237077,27.889978795098205,95.72810178352861
5.698174331334126,25.282591762317967,91.75644045912624
2.1526145769638947,30.007543312194393,68.61608364074482
0.6344164453590921,30.9607653505686,33.67665522445256
1.4329808517090168,27.664467352638933,65.47017374151345
2.68326523748744,30.685597187183717,75.97443825126697
5.679592545764392,28.125250828849314,94.5987960215233
2.33202795200315,30.55446066360411,69.57914785476328
4.647561960625683,24.699618973548702,88.95817107303377
3.2888124838074546,30.866116551196505,81.44264055425677
1.1785717455427618,30.581488281484212,46.380291159731016
1.9923313018253648,25.19926848459013,71.20311476253993
3.9538321216346306,28.6716518924821,91.97607091608592
4.069835028640871,32.26374001449282,74.73404793043447
2.6650825061733725,24.994271763669268,83.67415458907993
1.4490090557064765,30.831757408176117,50.58774555488417
4.35924999912479,33.447600605762645,69.05151709233931
1.0963509455150173,32.39490303709078,36.03148433226461
5.626351182004247,26.818240992163314,99.1275567623839
1.2086311163152126,29.28649279585766,53.19745690618748
0.7331429407118706,33.90124161103245,21.536899081281668
3.0361214439557354,28.82124893650862,91.25800510475862
3.165342628847195,23.380331229164398,82.62558989998911
3.0983381971916444,22.54516905734513,78.61681147525663
2.676338187099153,31.48377411692834,72.00464798072703
5.969407867694689,27.083539904822153,99.59900845685367
2.9690556147564333,24.961754687550332,89.59753479537025
2.9198848263650032,26.172064367931362,94.4236054933706
2.588419770015912,31.088474398557427,72.14371828724259
0.4942719527386311,27.58296802760595,47.08719252226406
3.598444123782735,32.42199391031052,73.97442923050951
1.4450098561167766,30.819107065332393,50.56848320874005
3.8618929833513946,33.6881698053451,67.89678493434353
0.3999174254960153,32.66204520147812,20.82053154282532
5.89018389739271,25.05456654143211,90.66191939887412
2.8671299661747662,29.90871079363064,83.38078751406826
5.39085669238512,22.246516414337727,77.18327878882108
2.9058109220743154,33.89328069315518,65.02847111434146
0.45595182958790825,25.13207330563116,40.15298845878773
4.951059921953461,29.977541123483007,85.70780260728156
3.924284005036093,32.18984345439478,75.08875141890505
4.712366580686276,23.925575952735656,85.24276457313115
2.6262021947023526,32.17455211372575,67.68619374816345
3.8638267910552053,22.14694798948987,76.70535034955138
5.151751122399984,27.303725657024888,98.54211684628055
3.8232861129441367,27.664451470373663,96.81063294220641
2.1512744455318296,26.48908855910483,80.57311399433976
4.008924606760579,29.036616955605997,90.22423861309122
4.0639397128229975,32.97810818443158,71.3050807147284
5.7674630787890875,25.92386937160347,94.83457298369666
2.2883826970958485,28.95111864599709,76.40228444113093
2.6079824283333743,32.52955030891987,65.6178070838521
4.891525471003649,31.275944741216538,79.47546524216062
3.0839976569821737,22.488799177665953,78.34623605279657
4.445781249382825,33.31348916953195,69.69525198624665
2.812285840276193,22.559762851103354,74.93257849081996
1.3714213366949328,29.065101692491957,57.515938609937265
4.496702672407964,28.90424344378198,90.8596314698465
0.8738154981897887,31.436682768427794,36.18023267534237
1.2716436148347179,23.78131662218773,49.98319208319546
3.798267398426831,24.152444704752444,86.33173458281173
4.508891821133211,31.025283192860325,80.67864067427044
5.378658532520109,23.794057028939502,84.61147373890961
1.7082603347537613,27.633341524787674,71.12516737609438
0.7532731257432707,30.779777082531183,36.92253251871574
5.7406752911835115,29.814903145392172,86.48846490211757
1.0110962193306405,24.527250233357144,48.3527255067271
1.2662351953023734,25.647523104233027,58.832814806366
1.818843775994948,33.62769883889249,44.563921093215
3.223408988755096,27.384047441858606,98.15657227907869
5.30867083960106,22.533489717236566,78.56075064273551
4.587221534106215,24.635018793595993,88.64809020926077
4.278129567671547,26.109221075942052,95.72426116452186
1.1335653503504217,33.99387285153503,29.10071731964029
2.210327526003248,25.632298569723023,77.64158365473547
2.9225890639114,22.31675018539054,75.97218216810259
0.9698131255649566,28.155058930664033,53.85197964411177
1.713235242547368,23.003264619687727,55.08037502544845
1.9191659033217812,25.288811184348663,70.16961175130922
0.8509295701413316,33.90859811312727,23.85732045981574
3.3464141822587203,30.455662227161852,83.41282130962311
4.259666359492738,22.607999551394443,78.91839784669332
0.5125966257134812,27.38424062310155,48.40757752338218
2.938626300402584,24.05965015154619,84.65884673547339
4.715046052079991,23.475335876825454,83.08161220876218
4.513141760819437,29.044784960185623,90.185032191109
4.908931267690649,28.067870675682588,94.87422075672359
2.7446197357065816,30.9143990117861,76.10327945755836
4.941286787575178,32.707674738782316,72.60316125384489
1.5204431201641901,24.960182289179944,60.61773739134753
2.228782312363341,33.075903839864765,55.41130781591595
1.1404979008650278,28.215901270649145,56.97363191818466
2.858158782628574,25.106019018221406,88.07206694003423
2.4131541322511154,32.149430057231314,63.545818370312
1.5214699868444421,22.426359016348272,48.47592301536055
4.535506184461611,28.714112529675525,91.77225985755749
1.951695955458715,30.6594584203596,61.468518691448224
1.709545547860431,25.35973224587372,66.31762573740247
0.8722529520179209,32.36190301075861,31.70792458871709
2.6890480406314974,24.883414760295818,83.62135166204988
1.887491310140082,32.07849139278087,53.373067517453464
2.278709763911715,22.942539565989488,66.09838519498385
1.492383849461261,23.919131102421176,55.05950628084686
4.6026173899374125,26.5718150068229,97.94471203274992
5.587019749392832,32.24866615357815,74.80640246282488
3.0377979314544374,23.735024381521388,84.32811703130267
3.8936906977109125,32.5052588775309,73.57475738785169
5.216316431979566,24.756778319353526,89.23253593289692
5.993094860268585,27.430100783134343,97.93551624095517
3.71974725990601,26.232812851124052,96.31750168539546
5.349698852585226,23.41751471937428,82.80407065299656
5.460788654678288,33.331716874229684,69.60775900369751
4.769563778064971,27.25813948902656,98.76093045267251
2.8194952073313506,30.283975136274336,80.6268234925102
0.578808602501006,28.903212119968373,42.44075387417193
0.1932527770967897,28.02059100222649,38.96621873124865
2.9154837363692554,29.398931482682187,86.79480361051061
3.016455747854245,32.780107674429146,72.25548316274009
2.503438088391537,30.391748508329314,73.78836892785003
3.452187372619051,28.389760953462655,93.32914742337925
3.35775994949612,29.742231527991716,86.83728866563976
5.036016942092888,29.276731366108258,89.07168944268037
0.7410769092473483,27.197454489835756,53.87375663373534
1.4285482300227184,29.497168121565405,56.584557616940415
4.778729375861819,27.322837601969965,98.45037951054417
5.102237516619562,31.09137253446295,80.36141183457785
5.96946286036312,33.626949802267426,68.19064094911636
5.250180896683797,33.51838428996675,68.71175540815962
5.350404141726753,31.848829437099766,76.72561870192112
1.9546528615164387,29.221106764713824,68.43174475970243
2.469803640655321,30.991983856848886,70.23455030023177
1.6817021184412513,24.136579543090654,59.889624175660174
3.6771664493370224,27.74822148776707,96.40853685871807
5.638951589821526,25.08765717989637,90.82075446350258
2.1333812304185447,22.041939773312166,58.86893552026929
3.3863105131005566,33.60085089606491,68.31591569888842
1.848167819675562,32.366182742222094,51.20567923084519
1.1018198452589745,28.164383421639123,56.4473564813117
1.2515946259300685,25.04982745742808,55.67106431425616
0.44187753277496666,30.31570252239084,32.922178548023304
5.700831785754619,27.21761301459913,98.95545752992417
2.476989690195015,31.640194401072392,67.2668606787528
5.021313262812438,33.994217322171394,66.4277568535773
4.119843888869178,26.18899128987844,96.10715819141652
1.232334852325404,24.932836521736572,54.724312350843626
1.1352272548166182,25.2085898655371,54.10577645091044
4.890730388912215,23.120154948168064,81.3767437512067
1.6617990926552706,26.728554358001865,71.93304277151437
5.488382583841657,22.20910063260291,77.00368303649398
0.9263268876679948,23.372746688815308,41.11572185967338
4.09848082528137,25.260348967272044,91.64967504290581
4.90539586858251,23.91835331091377,85.2080958923861
1.4880126916523058,30.785909194008703,51.58788970180434
1.72962344439374,23.267257490414803,56.67530484186585
5.79066142822129,32.3919292602943,74.11873955058738
1.661125871542334,24.653374044531436,61.95871284459757
2.6367465944102824,23.30308740365881,74.98975142576795
2.6518420001299603,22.1212797331751,69.61898272183969
1.592905024585133,30.58246005186576,54.662292242747014
4.677167409978834,25.079400951262503,90.78112456606002
4.653911125052016,28.113983261653296,94.65288034406419
2.3320762839203355,23.339392560065868,69.07060996672287
5.027242167376329,33.823551078834996,67.24695482159203
1.3571421129541141,23.504616868839463,50.36500322951171
0.125404076439304,26.94311111970254,42.23501490335827
3.4698874361288725,32.219794028013595,74.94498866553474
5.9650588574690335,24.938643381764884,90.10548823247144
0.3280014279786192,25.20366142415408,37.93760339551197
1.3271886348799176,31.701994190688794,43.97420058229214
3.161596390673797,25.280075886304154,91.74436425425993
4.878650345024736,22.034455733137754,76.16538751906123
0.625347829942814,27.1349646458794,51.85912629863516
2.431884457177477,22.1504225161417,65.3597172210297
4.507747223716329,32.917507405952406,71.59596445142844
2.2921049295975333,29.70175869015065,72.87365687922754
1.2141348808062702,28.996171194654906,54.70107588178186
1.2534253816398655,24.419074130348356,52.68006345846942
2.5192878427984664,30.399354225143636,74.06885657527988
2.928560741354758,30.12705572414015,83.56134735122245
5.184705065114483,22.72556288710438,79.48270185810102
3.889289269551162,32.57015836972687,73.26323982531103
4.173371531641458,28.952960355157664,90.6257902952432
5.899624312061851,31.509602572463322,78.35390765217605
2.529876297775745,25.15496886554613,81.74137651013633
2.479790979169857,23.46457359704145,72.6257728491961
5.547747109582292,30.429394878241414,83.53890458444121
1.550665963329846,31.526592235061948,49.28567653829957
4.405909953186913,26.6324024034315,98.2355315364712
4.551981515486994,22.284307303795735,77.36467505821953
0.6769491849281142,31.819048295846375,30.40755187849968
2.8625652935921457,24.47312687596529,85.12231487647631
1.283318580797169,26.06838330276986,61.19461146923871
1.1937141095346655,29.538772093325562,51.68817614273061
2.8365858517309697,23.199456630535632,78.48910886119043
1.8076352742975834,22.863949193661558,56.29966161552714
4.796756640992639,22.30844525890329,77.48053724273579
5.454868859203846,32.999678322873464,71.20154405020737
4.836051571201358,25.736592931223868,93.93564606987457
1.669582148467825,29.927905781405585,59.337695218609696
1.7173929227627895,33.87082298821291,41.367908111833835
1.602897265693058,30.03340952274332,57.49757960469323
0.8967247667317928,28.30113755027416,51.689035093319895
5.668410371811896,28.25103920220686,93.99501182940708
2.4720820091267095,26.523005781466622,87.15206793357397
1.4256678998206551,29.197355871461024,57.96604981340019
5.095359197998637,33.50549667454845,68.77361596216743
2.455252285680964,31.45652840437972,67.71370937259661
0.30718918554703284,27.09071940439885,45.708330569826174
1.0554552644728241,25.9893379483904,56.2579274417304
3.8715770081014034,32.602378355477455,73.10858389370821
4.719141117613171,23.629429907519125,83.8212635560918
1.3445128920834064,32.19502308357162,41.954147040524354
5.512633976670239,25.06092113610799,90.69242145331835
5.1208830083077705,30.587550829311013,82.77975601930714
5.105446448960377,31.67464696929796,77.5616945473698
1.4432007661153634,27.723958207161672,65.38901592793124
0.39816233303534054,24.307407713707292,35.038803686501815
5.2177988829472435,32.1372129215485,75.34137797656719
1.9042213495575477,26.410100140639777,75.25290766622189
3.751606648923803,25.848163125790233,94.47118300379313
4.583804613834308,28.120194188241275,94.62306789644188
0.856930225215609,27.221034893247012,56.07763701672653
4.7069462916623825,30.19662660446469,84.6561922985695
5.637217607870288,23.646373700471983,83.90259376226552
4.397412297903813,27.228275848574476,98.90427592684252
2.7032142160352928,32.700421734702445,66.70225999413412
5.272401018635047,22.432752513276704,78.07721206372818
3.2120000174280983,27.48805999783992,97.6573120103684
4.494148474118849,29.92638359662252,85.9533587362119
4.940985068765764,32.652533044503826,72.86784138638163
4.521181884024135,29.125434723198108,89.79791332864909
1.7983437686841086,31.89381125487194,52.476581350296854
0.7952790153444034,24.672292227511438,44.73258299894297
1.506197323236155,26.233713234734314,66.4457699914478
3.0669621281840844,33.30558728713651,69.73318102174474
3.0811338415292657,32.631701357112235,72.96783348586128
3.537601660955772,28.695435792264455,91.86190819713062
2.4311008415325563,27.705860053538142,85.23388857366805
4.742659150555164,27.412808697453503,98.01851825222319
5.487607127048526,22.70547593880419,79.38628450626013
1.5556778155288806,32.7085252474788,43.71263512267936
4.445486984441139,31.817794100984024,76.87458831527668
4.100033930015764,27.475013736734404,97.71993406367486
3.1862339457479583,25.353279672633683,92.09574242864167
1.2123283798575455,26.115047277118364,59.99879452731906
4.791870325637986,23.477927030474675,83.09404974627844
5.7676950852101125,30.66147689566867,82.42491090079038
4.358834360178319,28.680038278658294,91.93581626244018
5.515373980091831,24.80924107389874,89.48435715471395
5.906693063193199,29.476066864932278,88.11487904832507
2.1770989780115055,33.750762571059695,51.13831921914357
3.865518962265388,23.468741625714152,83.04995980342792
2.8962031520646603,27.501820127503933,95.51532642927432
5.921109606493058,27.92990585106552,95.5364519148855
0.653466161645577,24.00156656588563,38.67684274916256
2.5330119943536253,28.37896253196778,84.04121973362717
5.265680362710693,29.27172710257708,89.09570990763001
1.7759027321064413,23.888134465821942,60.581100078074144
4.747977818769349,23.856686788106515,84.91209658291127
2.358420660403509,32.27618458760507,61.84272718756583
5.881873385351934,25.73664924004054,93.9359163521946
5.312826034899874,29.564000644943572,87.69279690427085
1.8777901102094308,29.52127690810257,65.45367304529628
4.644139369873345,32.07005050699162,75.66375756644022
2.0874536086162854,30.878735574778283,63.13114141338995
3.6775407572716574,32.08691720125933,75.58279743395521
3.985036533520423,29.50257747580799,87.98762811612166
4.994612913605659,27.393485926167926,98.11126755439395
0.2442599612038878,26.722798255756896,43.554630851710854
1.3989315577985681,26.54835719993723,65.81074571567007
4.300315082472614,27.020717174909894,99.9005575604325
3.4247870981202704,23.551711025845243,83.44821292405717
3.0240699613867443,27.087500452038004,99.5799978302176
0.4257387445770847,26.673338886431452,46.946801546412665
2.154827712422592,22.414859959818777,61.08788205558197
5.204091368272825,25.30156906391608,91.84753150679718
0.2822677385125899,31.0228836968826,26.335513025215313
2.4389737886523917,28.935346856915505,79.4898108598534
5.676374897257559,31.67400996107236,77.56475218685267
0.4001963338155863,28.51225653256918,40.74509531997967
4.523263931163357,32.24900518570321,74.80477510862458
1.6199144354740154,31.5528051952206,50.544823772421424
5.212992109706668,23.179414841706965,81.66119124019343
4.501801075860254,33.724076416191906,67.72443320227885
5.325660508064341,22.176969362815946,76.84945294151655
1.3739562635444695,29.162056455155422,57.10125428614336
3.2346272534297693,31.510138111801147,78.35133706335449
4.697692667091324,25.98272967821084,95.11710245541204
1.549628483670388,29.182837507565893,60.514949637091476
1.4614032010765803,26.34547037016938,66.08632179834463
0.26037458763575166,22.727379700090022,24.698914313147142
5.755240234455169,22.10153822907197,76.48738349954546
4.289099592322278,23.13834436133426,81.46405293440444
3.849806088660091,23.18091512944056,81.6683926213147
4.4895688639004465,29.330677328725,88.81274882212
3.2365162203030926,28.31038277155016,93.71016269655924
2.9091895444334215,27.465559602077704,95.94910479869546
2.752240222628773,30.30305770722901,79.19012745787623
3.878591351411484,22.201913644149382,76.96918549191703
1.2890563548150609,25.25180177698877,57.38977562584732
5.339546300587731,31.328712775451535,79.22217867783263
4.889338990193664,32.91972527820542,71.585318664614
2.162425307567,27.26003915485098,82.0003182080553
3.513794851193894,22.977807761661595,80.69347725597565
0.9320610697050863,31.584744870741858,36.63444601454081
5.836842862808228,32.622045199272804,73.01418304349053
5.427066857018673,26.963923248324633,99.82683159195824
5.539195288345282,24.920263047043324,90.01726262580796
2.0597619814503645,22.527660018675345,59.728007718648946
1.097894773558849,29.092993862738272,51.91152493003328
1.349455764451231,32.918433886749995,38.58063263262465
0.6310082071660302,30.134656306243908,37.57381387334985
0.8086527175981676,25.806983174736814,50.44657359070006
0.5206967516905878,29.714659891479602,37.383567554709664
5.9399561083087535,31.984820889376305,76.07285973099374
0.5369403318775342,27.709960712193492,47.33099521902192
0.8819982776133404,31.83698187997406,34.42245252839131
4.980802113985345,26.70291611999625,98.573997375982
3.5234172787833646,26.182068143149248,96.0739270871164
4.669061506959061,28.995863510542648,90.41985514939529
3.8223808458586648,27.576237012333777,97.23406234079786
5.304832914940794,33.725343045532995,67.71835338144163
3.86695841381197,28.196673082338098,94.25596920477713
3.1805380481285908,26.62206434699226,98.18590886556285
4.305223193191668,26.739202517542434,98.74817208420369
2.739617235573446,28.5752794073574,87.23100355615341
2.141776555137935,26.258944456098344,79.27846449203076
2.859149469456254,30.674879223579232,79.54356911594476
1.1013132200815081,26.56795513241969,59.952449037244676
4.799773205835879,26.609732638302916,98.126716663854
1.6381523098820734,29.403678992521655,61.22538703353752
1.0058361233885802,22.73016247235212,39.621502335061784
1.5534782265210383,29.864259017381755,57.32112124698834
5.068213895456214,28.059666605904248,94.9136002916596
2.048187644026615,27.4363133714397,78.86944869762175
4.147694230084811,30.63103588849542,82.57102773522199
5.152816820868861,31.099069384058332,80.32446695652001
0.5586935348577485,32.155130360949514,26.429244964597302
4.613643990550453,26.497637449809368,97.58865975908498
1.9152262516362775,25.924452307040575,73.1418961065203
1.378071948685852,30.572105217934233,50.41533392763272
4.164518569472536,28.98165830968535,90.48804011351032
5.467800074126079,29.581618556221798,87.60823093013536
1.840613331403133,28.666274885270024,68.81414717876655
3.4561194517674827,31.272316278446255,79.49288186345798
1.8100212717120003,24.280490661905837,63.14678061138803
3.3702849557859254,28.668545592896763,91.99098115409554
3.7689859808606094,23.897221467323558,85.10666304315308
3.700978793862061,26.887023271491902,99.45771170316112
3.7789235808922013,29.967925880992897,85.75395577123409
0.8969707740833921,27.916859299770046,53.53849084277162
4.191888770561645,26.555098440066175,97.86447251231763
4.081027102643318,32.619640016987276,73.02572791846107
4.12726992107961,31.27390857396974,79.48523884494524
0.5370162611583674,28.3154894200045,44.42597600714575
2.7363491702435008,33.400637868105854,64.00392163796191
2.5133072790698057,27.092383473219925,89.82270490994047
0.6115977534948749,31.456875131057274,30.838954440822587
1.4119707745911834,24.015234877617015,53.91254290438534
2.701679527608417,25.429509725327165,86.49523723373873
4.483147228162685,26.057026976007457,95.47372948483579
1.498666254209513,23.269849032454278,52.068600439970794
4.995524469736978,28.021657780912815,95.09604265161849
3.3202098858628344,24.30712160951795,87.07418372568615
4.586487942589243,29.610230673395904,87.47089276769967
2.888080301687457,24.28110831487622,84.710925945155
3.045245929991118,23.482075088071305,83.11396042274227
3.756344397339878,33.6290407311871,68.18060449030193
5.575026588178363,29.898883669733273,86.08535838528029
3.001694230336169,33.23741097650186,70.06042731279106
3.219079474838917,27.878653503918784,95.78246318118984
3.6517820848124245,22.400829556760492,77.92398187245036
4.451339310056582,28.892454045177328,90.91622058314883
0.5239169793687825,28.6999466420285,42.31859570563885
3.1425558872796353,22.179707271239128,76.86259490194782
2.941390376315657,32.33490453282198,73.22026576876763
5.537941407001665,29.439648167397095,88.28968879649395
3.0116888245744127,30.936294032513754,81.10578864393398
2.863091154696553,27.927053273890174,92.81196737925823
5.776979932354742,29.420829254899154,88.38001957648406
2.7584011352452014,25.08963871874229,85.99828855486702
1.167218138900333,33.685093213223766,31.255915354532586
1.3798051245541512,26.80864009057198,66.67757492582852
0.6616064761881474,23.94791945605155,38.5821429128104
0.10335196262777226,22.67098502049553,21.287767350933986
2.6484793999028438,29.634063197024453,80.3260846523395
4.638531229659506,33.80055821411747,67.35732057223613
4.427452012519032,32.74953396215538,72.40223698165417
0.2896796180368162,30.425254809836964,29.352369273518896
3.4628991312047943,33.887175147914334,66.9415592900112
1.0102704399395084,30.673939144505276,42.57050090516484
5.652350080111714,26.071013480816752,95.5408647079204
1.0874534979006578,29.21461759672208,51.11890549374718
3.7971713844151416,22.95719970982674,80.59455860716835
2.024806336767935,24.66018988267049,69.26503817217707
3.8852118231896786,27.010482831141907,99.94968241051885
2.5323257191380435,24.421821922756543,78.27125961199228
4.581894008607729,33.44201217793805,69.07834154589737
1.4610068394343614,33.9471703209358,35.8737192481954
5.444171932194135,26.451231041459984,97.36590899900793
3.0512369309487775,30.510747832926384,83.14841040195336
4.560949571505832,26.893248767958887,99.48759408620266
5.113408129267239,23.674110452634476,84.03573017264549
5.993088804633349,26.043122172425303,95.40698642764146
1.4212794270043538,24.800460384587957,57.86779838610927
1.7926652400243839,25.936938644889036,70.75061029595506
1.5775552117181408,24.580260260772597,59.93635348607128
1.6509408597427178,23.348141428698955,55.48989605260934
3.536423975082327,24.609141152348954,88.52387753127498
5.961782886560473,32.86908438195812,71.82839496660104
5.9426407138472515,23.022660109318345,80.90876852472806
3.2079620650376155,25.897079725062813,94.7059826803015
3.8702605405615755,28.341398734031625,93.5612860766482
5.173826207839475,26.254151874140284,96.41992899587336
5.604307404875681,28.211285140226646,94.18583132691211
1.3027777012443091,22.52104072281225,44.556549494384974
3.218396200760472,29.782835600372533,86.64238911821184
5.013738622502922,28.761745618672723,91.54362103037093
1.888892252144091,30.171595190256298,62.554188129651585
2.694873350634754,28.807093789926846,85.22341682104621
5.915164498920847,27.254842989107956,98.77675365228181
5.911775510653139,26.201698507528988,96.16815283613914
5.446030183514572,24.717222281197316,89.04266694974712
4.81084523448554,28.000812721679353,95.19609893593912
1.687869954264554,22.312629428530084,51.25802034223548
1.9930154369964062,25.93888993719191,74.76698043844928
3.3289687631087608,30.13446752277435,84.95455589068311
3.408586509915872,23.30460447623631,82.2621014859343
3.0824666342066953,22.75469490783434,79.62253555760483
3.8563546515062064,29.826143263496384,86.43451233521736
2.509105833534634,26.7732966537082,89.09394060849206
4.520127528161645,31.621900438592572,77.81487789475565
2.067944566222297,33.24773564765589,51.36976021569768
2.0509942819834803,33.48448544479092,49.894355504673186
0.8506331751617853,27.10711424673015,56.498515118930996
1.2134020391706237,25.17192669130039,55.49328890165434
5.11807318563601,29.30336486490974,88.94384864843326
2.7330657976246053,29.538315111138836,82.47740341902569
1.4444199406617195,29.468139232910758,57.041330495262756
4.580112490132086,25.861343364626574,94.53444815020757
3.368488642319471,22.765020837007636,79.67210001763665
0.22482046739743158,24.520058065907186,32.592688064303125
1.9665325982866197,23.853033136266806,64.22521101981306
1.1443083256159123,23.486804149399724,46.022826429436925
3.9696498797987596,33.11539985285888,70.64608070627739
1.722683139718492,22.166171751687614,51.25128720247039
0.4831859973386674,29.222292870835858,38.99671416676123
0.4241164362662486,33.36968554888164,17.907838090693097
3.5321910579564184,26.320637529929535,96.73906014366176
0.22816838865412878,28.32517707006955,38.20251783674873
5.107873467502923,30.349403961701917,83.9228609838308
1.0168430036179261,25.806036335898867,54.60583448467308
3.678741377653036,27.73182385248699,96.48724550806244
2.7236593652634,31.805234203993024,71.40806312610148
2.712823975268225,30.94426798336316,75.32399318522133
0.5236031399242707,31.701392937914086,27.905376696497797
4.836238276252073,33.84808196353187,67.12920657504704
5.36900966004419,26.443929699234147,97.33086255632391
0.16499833756694793,30.965095155229278,24.267510006238425
1.1537646366129948,29.233414805223795,52.35490166718568
5.433034713893325,29.999257206654356,85.6035654080591
3.342012315520343,30.878486857995213,81.38326308162297
0.9852335116644397,30.996775803355778,40.520146377181064
1.2964636703940373,32.628941791537834,38.91035280849914
3.993918840998974,26.191860102832663,96.12092849359678
4.376419251256551,29.841776273342926,86.35947388795395
3.636618170621618,25.36348517916227,92.1447288599789
5.723575441483902,29.134824461403703,89.75284258526223
3.014975261604485,31.014101682063135,80.73231192609695
1.8716042816409078,31.492013033939685,55.87042306990767
2.9156741688571994,27.041494035869473,98.11431200497051
2.222031132633005,28.10464267841632,79.13833779626177
1.4240537667806494,26.006198214042072,63.710826763014936
0.3711831711068264,24.028436158475564,33.16015698281924
2.1780537120342327,25.126208862310385,74.5668767797745
4.29731515148748,32.945644058797896,71.4609085177701
0.20878303696364348,25.70763450891179,37.972306382049474
2.691153227915015,33.69711200254732,61.67692694607316
3.899655468554224,24.89773702258458,89.90913770840598
3.701384244128413,30.67685304977254,82.35110536109181
4.682225771743424,28.886839522862026,90.94317029026227
4.882066322392805,30.36244059429758,83.86028514737161
4.299064343424388,29.727495359310172,86.90802227531117
0.7065064072540217,30.48098300317107,37.421409729859306
2.902632419625728,32.866564581225504,69.89313840263215
3.660095149176891,28.761633952749776,91.54415702680107
1.5488396289757647,22.814185394847943,50.884882474785414
0.3510557241159814,25.249905213362794,38.62065950646104
1.419182893168677,30.498627764905166,51.59024459182875
2.7838769702225696,27.92889553570808,91.21884083305261
2.5421888824221455,28.58262379143624,83.24718344954896
1.1423351898302538,29.158965464563497,52.48366956670029
4.964051701832608,26.59155127581484,98.03944612391123
5.5615513455466745,31.28674630105426,79.42361775493954
1.28795508241102,30.68241860675858,48.08349233577921
5.584480201846608,30.571592946317367,82.85635385767664
0.20537965913356687,30.583722088419336,26.90572715825853
5.557278588970978,32.684296019850976,72.71537910471531
5.716379861477357,29.144713353319293,89.7053759040674
0.1711059917939587,33.6048663939635,11.718761144854385
4.601813850982814,23.430312212687653,82.86549862090074
5.824189278162076,29.583507719126374,87.59916294819341
5.444823091024892,30.603118551229546,82.70503095409818
5.827189951057656,27.726644931452313,96.5121043290289
3.346908683616072,25.458500637483237,92.60080305991954
0.5611212253237908,28.60044943253319,43.54026723031651
5.113756267049713,26.376972163488432,97.00946638474448
3.7215867092731685,32.909488852813794,71.63445350649378
3.7269467907109055,26.281508950399058,96.55124296191548
2.5617962981662488,24.108483912425548,77.35664874296761
3.4738676614745443,28.916669681985432,90.79998552646992
1.0061206966080758,26.751911096564434,58.9315871956708
4.464643156740287,23.150777737610092,81.52373314052844
0.5426021133740998,28.7781082119749,42.317122850002484
4.405706525558373,28.454156933988415,93.0200467168556
5.108972693486638,24.078365039598342,85.97615219007204
2.8875651976304804,29.171658027518113,87.32734542052266
3.1079991597365915,28.80830768628987,91.32012310580863
1.9420642102402619,31.283351476499092,58.281197117609594
5.819805643980967,26.33883915811161,96.82642795893574
4.4254343999013175,24.98511428396367,90.32854856302562
2.2770324644720357,33.414638643649305,54.75038379992405
1.13136357877473,28.734610273393457,54.301142263206
1.395519593992339,22.325679506610165,45.47365351157557
2.8371414880492956,31.848540209340918,73.4698367561495
5.661153561854594,24.36109673102729,87.33326430893098
4.431463439989416,31.43243581175012,78.72430810359941
1.3699381142569842,30.461949125871577,50.78140648095612
5.171410687171498,33.62576469115788,68.19632948244217
2.3313830857571185,33.58695161913431,55.010293943297675
5.12516087823986,25.29292749586912,91.80605198017177
1.5260276280886726,31.19739497468102,50.37305668330455
3.750097610424274,25.802261029359087,94.25085294092362
5.567355879679563,29.550375265955132,87.75819872341536
1.6215746539719857,29.172953019455118,62.00131858605515
4.188266884456544,22.654522187453978,79.14170649977909
5.925144457747148,22.062180998024292,76.29846879051661
0.9885298947337207,22.693168175137714,39.09780513533544
0.621573515133979,23.535304570380895,35.800932240507876
4.077751635424415,25.091829896173284,90.84078350163176
2.1044420917192794,32.883462678910746,53.848220975614005
0.5203424164628876,28.223592104160236,44.53360622928862
2.9043031455132646,31.562700866089465,76.18509875303586
4.547247009899339,32.0597410252865,75.7132430786248
1.782222162449614,30.819317183086493,57.31172077017712
2.076776577280295,26.696621493046862,80.07931471223084
5.089626463817136,32.36631272609179,74.2416989147594
3.1684242823427797,30.904597039851048,81.25793420871497
5.0721186159581855,30.917817320860628,81.19447685986898
2.7336980036478864,32.81889192598683,66.74327882822092
5.72255345320461,29.183961669492206,89.51698398643741
3.939688079334647,28.34289315954612,93.55411283417862
0.7838033053835716,32.6819506911649,28.402702790079914
5.3220486305381245,27.453540737970364,97.82300445774226
2.986664625901707,31.738848352346114,76.9868204267728
0.9356699110401394,22.646156325337692,37.81494858242371
1.0008717896643824,22.015479333475866,36.0917365939718
4.156450217148244,28.339509875252283,93.57035259878904
0.37949778970398973,22.883342725796563,27.830000877903295
1.7909032129914986,33.71851616143677,43.569186684933484
0.9247467837722219,22.066014088477587,34.81180330013685
2.7023568347419773,30.617795637983757,76.68171763251752
2.544687254766732,24.92061634943465,80.91270357262096
3.17907096466425,33.61062406326467,68.26900449632957
1.7498543417049286,26.578499807534754,72.9738859102654
0.2890571773312455,22.32740111516638,23.35266889942354
3.724878028557596,22.323229184905394,77.55150008754589
2.3049362170058734,28.640480460696264,78.2244181287754
3.942876492566274,33.840543748375374,67.16539000779821
0.741135127745184,33.757282420548634,22.387746936270236
0.18128639623489695,26.04727566747119,39.05265112855965
1.5649360625232274,27.792443790266763,67.4949910571841
2.7936292056649084,23.205469669573795,77.65883852725239
2.425024647593957,28.26612227190078,82.42310604675541
4.880785076113452,29.196419188579277,89.45718789481947
2.3292421007376616,25.012739987335852,77.04599395396532
3.2296029596581657,29.345373230982084,88.742208491286
3.6017419954089345,32.79631302035504,72.17769750229579
0.22880521071028848,22.011464001081766,20.631131419398248
3.139286923392515,24.747205291695334,89.1865854001376
2.1345044304531435,24.51903475988726,70.78145545652171
2.5855527533312026,23.486634436405925,74.84690036137249
0.6916956511219765,23.993214552845224,39.40134287609661
4.718641337327007,29.510950544384652,87.94743738695367
5.660185079770283,23.232332681807712,81.91519687267701
0.23138604171464006,30.86237930824866,26.08830015469924
3.648099300586953,32.6442710867006,72.90749878383713
4.606679997001312,33.11905269014043,70.62854708732594
1.7803647730343477,29.92210977183641,61.58116855587218
4.746577950692979,24.368756927603393,87.37003325249628
3.830894799521178,23.023558906478893,80.91308275109868
5.582059530399313,24.784299445683995,89.36463733928318
5.88792838698726,33.54348622942051,68.59126609878156
0.34984207259235833,33.54814242100855,15.565757831006131
2.725132790059337,26.583026607020106,92.50118351488325
3.3272279467114876,25.909498493170606,94.76559276721892
0.9657850759251496,28.120126987108783,53.93909198038084
2.0840863995214343,25.50025709760881,74.48296205895096
5.927119941763125,33.75594941986676,67.57144278463956
0.19575969242058153,24.654656680294927,32.657545913827285
2.7697967959938663,26.42971218619322,92.65855441360479
5.0716622681373575,27.15245050840214,99.26823755966973
2.0110174500438016,23.500768276973947,63.42403673035098
2.930811166255405,26.593897921241556,96.66693334706756
5.870469900149082,32.28076864122368,74.65231052212633
2.901773335206653,23.6843320174811,82.12026038804234
0.8724357416643445,29.008263409914246,47.809050465698505
0.40515680083170724,26.8796456567202,47.52543516889111
5.677957777395696,24.046440713409456,85.82291542436539
1.6682755383228878,22.14803397339047,50.076073838732015
3.0739770487308506,25.2801196418788,91.74457428101825
0.6351404199308148,22.741947528376024,32.26415653482121
2.59956521124857,26.521221655560822,89.69316817166334
5.587622563575732,31.72251826839215,77.33191231171767
3.0642366624225366,30.63622313053135,82.54612897344953
5.829697395633735,33.3686045404212,69.43069820597823
1.6271302597006583,27.12418500804483,71.94651715539798
3.0768169142532296,30.493616783102233,83.23063944110928
5.171231671675018,29.984100665224243,85.67631680692364
2.7446888918670886,24.604555637899114,83.39564489925752
1.7489755040641188,25.642990062791903,68.46586238268351
5.1473046441655015,28.357954400773124,93.481818876289
2.4003478663483935,31.559887828071062,66.11949575222677
3.2312674172553812,27.541752813555192,97.39958649493508
5.861509691849359,24.73289843410633,89.11791248371037
1.200251439059597,33.921588283364436,30.781405021042648
1.8782637566490958,23.38694567624402,60.222614378953224
0.28331064041205567,33.47066688989594,14.607011736740612
2.4118424884693113,31.708555461165865,65.63578355579008
1.2810822404506714,32.06672223169422,41.301378096881166
4.112206118906559,31.539010997097993,78.21274721392963
1.1697966067185293,24.498051295655465,51.38657835351682
4.081395239194631,29.5909885287429,87.56325506203407
1.6545050263169745,31.080997749411182,53.501311329165816
2.195785221315079,30.948229505219818,64.96420280124646
2.1582778470737454,25.25878444652893,74.80772228481379
4.328835325965295,24.173432653164177,86.43247673518805
2.8524046525162245,25.93747580697459,91.94797692380251
2.2316635032308305,27.7581337645287,80.99422799487886
5.130474042332754,28.88536896476412,90.95022896913223
3.4745086912830963,32.04340434782993,75.79165913041635
1.3616018455401873,31.228410732455394,46.93566539501785
5.410538541047727,30.113806307998193,85.05372972160868
2.12163674659848,25.161871515313127,73.6097182054726
0.3299783274701903,27.74656598721932,43.01604981075107
3.0181413214492725,26.02523048953553,95.32110634977056
0.831234521201179,24.81913815460641,46.15655356613435
1.5069520179228812,22.122944324601754,46.72917311654605
4.507954148855725,26.073543646848286,95.55300950487177
0.8714356989202796,25.07339521257546,48.1810109987678
4.860970923688811,28.8628279236018,91.05842596671137
5.627752999972627,22.747621243404545,79.58858196834181
3.678539392406874,25.246235160522414,91.58192877050759
4.291119232934693,22.537233879860985,78.57872262333272
4.310160998453763,29.69701485416123,87.05432870002609
5.957566947895625,28.818274702823498,91.27228142644721
2.115075746989575,26.04976027689368,77.74036426888117
1.0608536523319447,23.768015205226526,45.70354603172622
3.163086685994497,33.49503799322482,68.82381763252087
3.246173878007079,29.01270936866336,90.33899503041587
1.1496836809472526,30.149360398864815,47.876743704393945
3.7173455720654234,28.376185039233423,93.39431181167957
0.18333592751326144,31.67839897175446,21.210403485843816
5.573243574479907,32.75656059457746,72.3685091460282
1.6609882391454438,26.592526523171557,71.26389209413236
0.3334052295021317,30.280303746767327,30.922646605559468
0.7386717047016566,24.75864981455676,44.014953203905584
1.5174687948498864,29.82226056594446,56.802525180464315
1.716046394775667,26.78986755971863,73.31229218216276
0.2935789970365992,22.08137919281566,22.262200066247154
1.7481933919430022,33.46633442107145,43.92546261771707
1.2383562453115446,32.42129854646463,38.74489188320068
2.3338634718636597,25.49003860415234,79.42945473720442
2.3724896504002184,33.97308777079432,53.978971708191615
2.1001456695569867,25.80553209467841,76.26946744559609
2.0347509128311536,27.5061302375089,78.26559311658036
0.6294145386733823,32.215108314093,27.555770865821238
0.24870918804435682,25.65515621593649,38.518933597382286
1.292474370923153,27.40648341265,63.89836703774306
4.56423162175803,29.987046005479066,85.66217917370048
5.94577761675162,23.56561065726914,83.51493115489187
5.578304432838241,27.06820442430061,99.67261876335706
3.0748941976728354,25.712919248339517,93.82201239202968
3.237760749089812,30.121291670377815,85.01779998218649
1.9560312573114713,23.63163268072446,62.952462013706835
4.666242687962172,24.792777749211247,89.40533319621399
4.612064458802627,30.536514445029795,83.02473066385699
5.081206909736423,23.87469243668938,84.99852369610902
5.383477005461618,27.064231146878676,99.69169049498237
2.662660564529245,30.554568665111425,76.19128169805006
4.6245658518324655,31.18562061316006,79.9090210568317
4.857752499895684,23.138574144060023,81.46515589148811
1.919911772736726,32.22394731303374,53.323288352172575
5.582529239636285,30.687667613559597,82.29919545491393
0.6566148655739672,26.071535064319765,48.67566562021421
5.966188157063368,31.16563422796288,80.00495570577817
4.643535237137329,30.739586384087907,82.04998535637804
0.6502983414135307,29.210694718100626,42.39463218138761
3.971754923819504,28.70177408087013,91.83148441182337
0.3016585244767349,30.816441866795024,27.714249528918582
4.644103001720679,33.99111882046545,66.44262966176584
4.815415237788426,28.942626991790625,90.67539043940499
3.6542204932395417,31.704614461146974,77.41785058649452
5.155476312307766,30.931284607786996,81.12983388262242
0.6775113532676723,32.26970082440591,28.255663108205084
1.727950668040798,33.45429833660966,43.57838134508959
2.5436473773967565,24.316998489529784,77.99454029767809
0.35050192168577987,23.985515636741397,32.540513490074304
2.7444749166698807,29.036221940978812,85.11563301669932
1.6647593910641394,27.391540754638054,71.41579219902013
2.4171365714003428,28.84867231503003,79.46910431586272
2.608105528754608,31.576512813826103,70.19484906872687
5.288529227577342,33.18057376059096,70.3332459491634
1.6950117261130706,27.008989902382698,73.85708299082447
5.373084459426005,30.615191746523493,82.64707961668724
2.613228692395811,24.361590254096914,79.60020706758141
2.0340655520945177,28.414623392254285,73.8911187590698
3.064821091077362,22.261657333366237,77.25595520015794
2.564685389540754,28.04500680559716,86.27767512394871
1.6184966470253621,28.544037509505998,64.95855289487845
3.065808016296795,30.825344029339973,81.63834865916813
0.9956302251651045,29.793817482483902,46.50228058737936
2.1763866638355003,26.30076081166962,80.17138517272417
3.438162294307135,22.068770808557456,76.3300998810758
2.5391086419001656,23.385830483475388,73.43415915868518
4.961082930199699,33.67672784220943,67.95170635739473
1.614658393057481,33.06799789978367,43.166777942188006
5.821652315102959,25.901117956973742,94.72536619347397
4.729859923022973,25.106235279086654,90.90992933961594
5.808798853385086,27.23699552428045,98.86242148345386
5.045005673498794,30.279280355344873,84.25945429434461
0.9384131625246918,26.28193207189568,55.32153719559311
3.2061145347465816,22.807526172773866,79.87612562931456
1.1028732750551358,26.833541109332756,61.258462825899954
4.927541380500818,25.127067933777184,91.00992608213048
3.546556680181446,25.89916013453454,94.7159686457658
1.6543509547057442,23.955486949447653,58.473356451463616
5.584633934842311,29.90608083334777,86.05081199993072
0.7795977145541381,28.319571198942697,49.25801253615782
3.4267881804807527,25.25035740754425,91.6017155562124
4.35413927253368,28.646349775674896,92.0975210767605
0.4472063702613476,27.91249416600686,44.56415540839403
3.6273505959166017,31.551698278792337,78.15184826179679
4.913817171232255,33.471811232082416,68.9353060860044
0.4984111550665149,23.56804610774387,33.49484441850088
3.1222335295291,32.60696174689579,73.0865836149002
1.6254873510775663,30.457563259418826,55.913443376340965
4.011254264067833,30.310642543574858,84.10891579084068
0.800196465765185,26.491610765709666,53.56366099071009
5.628603440955991,26.12689834557905,95.80911205877945
5.378898632116917,22.067673817870205,76.32483432577698
1.1972490772666842,33.78645849564769,31.369980766224753
2.0072687177541173,29.278069988476584,69.21063841039475
3.567046350452954,26.827943487087104,99.17412873801811
4.336567786142077,28.525225862706144,92.67891585901052
2.7116704894455235,22.48632440915515,72.56776695285518
1.022118799569753,24.083811463500027,46.44467101619519
0.7144938134369424,29.48031909956083,42.384344590846865
5.998615487794629,28.171140756203442,94.37852437022349
2.786577516516575,31.444897875131595,74.39604052969985
5.247937319976139,29.904912285344047,86.05642103034857
2.9460184273117753,29.217228111752647,88.27767360982281
5.541910067421419,31.78318845166376,77.04069543201395
0.6177803583521485,22.819157266622806,32.28756204683244
0.7727132288738507,30.290641557175423,39.659185103034986
5.5848299075729235,30.587088559468185,82.7819749145527
5.690208965764231,25.30196259616013,91.84942046156863
1.956832940045644,24.347795637848733,66.4060778625868
2.1954728332638442,24.56622970547199,72.22735925154244
2.7694563855250722,24.37769036118393,82.80204144418431
2.555353912397016,28.285386290843135,84.93722405189328
1.2212667741616205,23.62751573638994,48.23741101790413
5.40041476524231,29.911430337032204,86.02513438224543
1.5945148441632981,23.260939107385234,53.942804598715085
4.261107215918144,22.322675683723073,77.54884328187075
0.49621849863634004,25.831482909350452,44.31548793760897
0.32863285601773384,24.302316684796494,33.62377720737785
3.957009788203832,33.863944664920986,67.05306560837927
2.1001935596822365,25.635955607406608,75.45645810919645
3.9672104170480083,24.664769032306165,88.79089135506959
0.6547250927960991,24.361237881990576,40.428443689476744
5.704123141503594,26.486234857641882,97.53392731668103
4.516235354669263,29.270186743978932,89.10310362890112
5.269976674852216,31.38334330055539,78.95995215733413
0.9051762688626145,26.37491497291682,55.103117247253024
1.9889497164679295,29.511651760513473,67.72306587889392
2.2732305688174304,27.78471877935265,81.69796123545588
3.26931862512823,32.15794415504078,75.24186805580425
1.8515240644937445,28.82850132590122,68.25367492554903
0.4577213789174902,25.4787000625492,41.85218787858597
2.2763824463510773,30.44304708613907,69.00102291355401
1.6018409563009648,31.840773856275952,48.80110461589473
2.376935619632968,27.58528788116758,84.72933056305499
1.262061301458155,33.84636686658783,32.378665069541526
1.6451886099319395,32.54916255029576,46.26779195721913
3.799018808550386,24.363456035985898,87.34458897273231
2.390107624010584,31.441070465874848,66.4850142440124
2.1377620197000033,29.211414932197194,72.14044871945353
3.2500432330620006,28.417735573694017,93.19486924626872
4.653977190979162,28.16726303895482,94.39713741301685
2.335320942452948,32.24093371338915,61.549937024791056
3.56636500607946,29.330473466841383,88.81372735916136
5.80059548967224,28.452471820644803,93.02813526090495
3.179682673296499,22.586318881096588,78.81433062926362
5.467805701453512,27.379634437102688,98.1777547019071
4.782668483112919,32.89649874454609,71.69680602617875
0.44644022173588327,30.540840752135427,31.93276882446762
2.631683341668616,22.611447736673842,71.56861596940676
4.22007860642467,32.60790738581251,73.08204454809996
5.92160028344438,31.92000665652465,76.38396804868168
2.804420117852924,28.560210538834333,88.59939177065368
0.6474341793477627,22.268865582187377,30.239238381454662
3.4158541308059203,28.749155416405607,91.60405400125309
0.8467263735313658,22.655068599117115,36.07885674638947
4.533965405648421,25.844547515649765,94.45382807511888
3.0952942850244898,29.546915426832868,87.77480595120224
4.3682450734259906,32.95495700658609,71.41620636838675
5.22923477858329,26.293547647113744,96.60902870614598
3.8107933012603854,32.32028539460144,74.46263010591308
3.7133920425937714,33.020332124806195,71.10240580093026
4.551964743093825,22.25252656548777,77.21212751434129
5.070484508570737,24.873134053030377,89.79104345454581
5.227417339034316,30.518347590729984,83.11193156449607
0.3149381545290115,31.08211651695458,26.70460380919824
3.381522751106957,26.70900220260465,98.60321057250232
1.3759889278055537,29.88105535327426,53.690712860394626
5.176040755612521,29.34590340834442,88.73966363994678
3.9255463426998314,30.87729953921272,81.38896221177893
2.5793126262913852,30.623901132941462,74.19152708770868
1.2098149459159728,23.030449575884337,45.142456882564275
2.1002393929269765,23.89900217128073,67.11999828068704
4.252288397787325,23.59272576711179,83.6450836821366
1.305721316748669,33.18976083811383,36.403574312027004
0.6521393774963992,32.96251178023587,24.4227310047958
5.339369673542551,31.56894723516364,78.06905327121453
4.608841062522689,23.40062272811151,82.72298909493526
1.2787900908829823,28.891257639035032,56.49776515029149
1.824638106236951,24.24676751307822,63.27724618751447
5.835214045072226,26.42060725070563,97.21891480338702
4.278288471878793,25.205095319648954,91.38445753431498
3.7020798248615665,31.94717177784959,76.25357546632196
1.9150080640023692,23.733416794231278,62.62056189235752
1.8648383505824815,29.75415002332091,64.07684689970927
0.33318935027235974,33.806735965314004,13.991454371939973
4.398043014721395,30.2446549990436,84.42565600459072
0.3547338278356188,22.950801868083516,27.658525523513255
0.12865829288594632,32.8941940235503,14.281034544677496
4.404021018379777,29.716956132275154,86.95861056507925
5.69835516717984,27.475731755262444,97.71648757474027
4.563367981591131,29.916309742493425,86.00171323603156
2.8826771246838345,32.54853196567164,71.0205890584528
2.9676669724091513,27.725526734982992,95.87081112026468
2.673204893629722,28.37585779374675,86.85998046261003
2.015397635950969,27.42936879061544,78.24698252406526
3.178113863696457,22.871097115883984,80.18126615624313
2.643790647132579,31.444841523128304,71.54057363163572
3.629190492240571,23.516940923702066,83.28131643376992
5.398908474956458,26.734840123459723,98.72723259260667
5.970555562210481,26.64187414729275,98.2809959070052
0.564585410309211,25.360489505040857,43.42205783038034
2.3696324887019147,26.83008551073302,86.57706022555679
1.166166555024176,29.416109324589144,51.726006342455634
2.177510796160649,25.73664774649254,77.48612510637716
1.796090809435696,24.070143252379317,61.85850380013464
1.129769076598051,32.4324101260872,36.51981292674247
4.608048715185614,33.649991798285626,68.080039368229
3.028103582692492,27.503005886515847,97.58557174472394
5.523548935081632,25.92423654813503,94.83633543104816
0.29229541515738555,22.569784933338752,24.580875983173726
0.49517027747874054,22.442218487320638,28.026054288713873
2.4793141392890305,26.714583947744824,88.21628573495578
0.5736361903838191,33.16290421961159,21.89078355354075
1.650104618847518,30.76850252081877,54.91328027702026
5.91757548415208,26.1912330264493,96.11791852695664
1.3328616841592231,33.61655710218473,34.89775959269777
1.2688946743313354,27.14509483906877,64.68143825909662
3.484479945894684,25.32151292769575,91.9432620529396
3.038189915679625,27.116238936692287,99.44205310387702
3.5245859534967847,24.538518723805993,88.18488987426876
2.322738141430426,32.62766524240955,59.441969665042684
4.977897923380188,26.334079725012284,96.80358268005897
0.9176252535105308,29.895627573931858,44.4534927153377
2.6275166104646477,26.668566385925963,90.95945086173758
4.169594905820113,32.82077701556755,72.06027032527575
5.222594997669108,29.70856902058756,86.9988687011797
2.2804724775048704,27.859022683375592,81.48614066989455
3.4496990346531415,23.58571563017606,83.6114350248451
0.507925675542843,32.822999954226454,22.20811373056988
1.104882619859791,28.56180241926125,54.601000784741814
0.5079151585500755,25.42063567553701,42.57735441357916
4.394497262791279,32.53512270180045,73.43141103135785
1.7995538154606303,22.653285128732893,55.12684492713049
4.370097212131842,25.76892300795486,94.09083043818333
0.49174984635531993,28.44194081442577,42.9136810178627
5.18903202240912,26.077772032519515,95.57330575609367
5.0296281688554405,27.720811064546293,96.5401068901778
0.6246795839966676,25.171795027971807,43.71820781419803
0.24016338809740048,23.560997091194764,28.29605379968288
0.432103996593748,22.442249663402222,26.764878316205625
5.1364180215657305,23.891758778945704,85.08044213893938
1.484750585406185,33.43535816829774,38.80529250029455
3.3348125753633133,28.90483760004086,90.85677951980387
2.614840798762335,27.867521503335418,88.13271275923668
4.793600604748752,26.6118860716685,98.1370531440088
2.984499978676957,30.501041751800624,82.88499916489613
3.0538989599014914,23.69511371087312,84.13654581219097
5.935642443049424,25.313558411831963,91.90508037679342
0.9857643848206169,29.87082543596503,45.935325603780186
5.001153238600995,27.748772375022735,96.40589259989088
0.4053234990629203,31.241110467509063,27.749139737214904
2.9181277404805277,32.76531812747984,70.68902779770733
5.3293754612048385,31.880471096447874,76.5737387370502
4.024762397064316,24.210492571128785,86.61036434141818
4.142766254260184,23.097642826323742,81.26868556635397
1.6535719653132648,24.03328720654058,58.83121789766008
2.56959126903258,31.402368299202767,70.26045754447833
2.262828274644398,32.96597307391252,56.61989473810785
3.1765149399321664,33.10538641244629,70.6941452202578
2.8271447878476423,25.578589472445348,89.72012522469052
2.0287002760742374,32.084096536162704,56.17034214790377
1.9023356129899036,28.43482642026516,71.1595454425253
1.5800320607652207,31.873502180178487,48.20783075044767
2.253778756620075,28.580378108560012,77.48976021131344
0.9846547198109579,23.75071863734942,44.096543855496364
5.245415381821085,22.95063461287717,80.56304614181042
3.6525044118172216,33.486629790512076,68.86417700554203
0.8893399110037472,27.10963067717895,57.260570969616
4.193770071833108,26.206247738767814,96.18998914608551
5.101232161188042,26.275637017219726,96.5230576826547
1.5014604651083276,26.547212937705666,67.85583140315376
0.9885435065898571,33.33996193473206,29.33905284508326
0.15084181708913713,22.75245504883811,22.62862057620568
0.37877699925326214,23.428735448587588,30.433470138285664
4.597282954990718,31.475818185782188,78.5160727082455
5.924399359045993,28.592913896081665,92.35401329880801
0.364793902610032,23.542441095531423,30.69959531075147
4.5136186585713665,22.413521641340036,77.98490387843218
0.5239867784616644,24.69081217935073,39.39563403011679
3.5935836669316346,25.129728852523254,91.02269849211162
4.5608441663266035,22.170556354895705,76.81867050349939
2.2193059438796525,24.593086460046322,72.8329338858154
0.16451485455291603,30.859827243428796,24.7631263226001
3.611617177540013,32.265204275644045,74.72701947690858
5.948343306026164,32.77882995723661,72.26161620526427
1.6199427947471252,26.67896839172252,70.85790417521059
1.2179985354045735,25.832964710842692,58.75820132013639
0.8311627672457382,33.998330178494655,23.03127048814042
3.3760081574103316,31.232085411059067,79.68599002691647
3.619026086225613,28.448224970890653,93.04852013972487
4.7743979393053735,25.057257192272758,90.67483452290924
4.543132314361007,25.855665434621258,94.50719408618204
5.365994819291014,28.184372185952647,94.3150135074273
4.854058920219578,28.504995037489007,92.77602382005277
1.5588757901687225,22.164143731284135,47.965405713538296
3.379676688766991,33.512801023257694,68.73855508836307
1.854730558652122,28.90727496821876,67.93969132559238
2.0457337393538646,29.069898932909602,70.9791599091112
5.598471778456979,24.53765360504583,88.18073730421997
4.123185839895734,31.179846145614974,79.93673850104813
5.8500834381815245,30.847174241102113,81.53356364270985
2.559783966640593,23.141895680857168,72.67677860092627
3.270881682788462,29.139932467119042,89.7283241578286
2.9739809775068884,29.898324943958556,85.56765981913671
0.7329936393899888,32.02681809488653,30.531145932344437
1.49654176770696,24.473094147012528,57.80168725979934
3.213054527566445,32.53161756167687,73.44823570395104
0.49750840028473686,27.53777286049115,47.368858275337224
5.595625382922447,23.158283431667737,81.55976047200514
0.8306777234658878,23.26745465813051,38.697336828344206
1.2680864038597521,24.373653444078034,52.75526460876961
4.615395221237955,25.393008471823702,92.28644066475377
0.6719137965569509,27.956869653517597,48.84530159425456
5.411640787730915,30.98501437293472,80.87193100991334
4.38163572726296,24.240710824233187,86.75541195631929
0.5048630569422675,33.91182153399444,16.92051777567203
4.181897661585352,23.93826318124375,85.30366326997
3.8266083988107753,29.192535612665772,89.4758290592043
4.568361653165519,33.14728523045608,70.49303089381083
4.986367329687082,31.990089074521926,76.04757244229475
4.338268322721615,29.774670419957918,86.681581984202
3.5584401420987346,30.585915961490784,82.78760338484423
2.0025335796324883,23.610467520464372,63.78091569087875
4.213914604796582,22.115956645122978,76.55659189659029
5.7461323493215986,27.20978541232447,98.99303002084254
3.5663785051203587,23.074227116059635,81.15629015708625
4.019634723762098,26.293030742953892,96.60654756617868
2.6790554489788243,24.68491352283685,82.46869388919336
4.561112777484139,32.99616066856891,71.21842879086923
5.986237614797952,32.560671988096686,73.30877445713591
1.046297011999643,31.8273141823721,37.75483216460678
1.2941911490721978,30.567331580967853,48.76063139279827
3.282682776119898,23.848863149248324,84.87454311639195
2.9401148438437836,22.58040911438982,77.58826062594682
3.472261728589641,29.84665429425631,86.3360593875697
0.389536881573211,29.70709764610119,34.79666893017851
2.485231092349649,26.433091417053774,86.98346064885109
3.5395717461868093,27.672239997227166,96.7732480133096
3.55262897269928,27.86979265885587,95.82499523749182
3.9782703744334045,24.879137592958077,89.81986044619877
4.349274571115716,25.76999934289103,94.09599684587695
3.8851284997110542,27.02067465596202,99.90076165138231
4.762434616797666,29.23814835893908,89.25688787709242
3.786087744639091,33.46983047220871,68.94481373339818
3.271295208969507,28.46181531422848,92.9832864917033
3.6765589304380843,30.773966914518418,81.88495881031159
0.6970408638446609,31.68401322874664,31.45755377890935
1.711623590280568,23.362097455702642,56.77053959298404
3.211658705882974,29.837496010647293,86.380019148893
5.250624570870071,27.78532864305309,96.23042251334516
4.106404182099159,28.869171306974707,91.02797772652141
0.6334076629841957,22.461003229228535,30.88096875998088
3.594422207621986,32.87458883856862,71.80197357487063
1.408254127058884,33.4334097949054,37.28471552563175
4.4306977027534655,22.04178308421534,76.20055880423362
4.981901029801609,24.55349910449813,88.25679570159102
3.6013920082808433,24.1623300845074,86.37918440563551
3.5890393975350876,31.375654207358217,78.99685980468055
2.0976895149438026,29.17696070934184,71.50437889403521
2.732875124851726,24.12800395956078,80.87192150292626
5.198239287510538,31.767651463826326,77.11527297363364
4.367589952706224,26.24169846166898,96.3601526160111
3.1665465922054743,27.53028251551723,97.4546439255173
2.272571078865389,26.647679263847746,83.76028204377695
0.3972404559024707,28.256562477294754,41.913309227034595
0.9437436678256722,27.761709625944704,55.21866715197886
1.2388486182822869,25.295008031949312,56.59301091900244
2.302962905226181,27.094672449926083,85.60483034487842
5.67044751775002,32.900045798251604,71.6797801683923
3.0804050296666174,28.034729637750942,95.03329773879548
1.4855569632294634,32.99663692506851,40.927282024260435
0.7239258110229331,28.601524573815574,46.79119826614391
2.096002595157488,31.225807519169905,61.63617581113422
4.912810749751236,25.523095715916554,92.91085943639946
2.361722481121997,31.484961880532893,65.70663259588204
4.657784255532239,25.171859355819826,91.22492490793516
4.835959359148585,22.234599659715677,77.12607836663526
0.7538425412223544,23.928747318132316,40.33483795148221
3.6910925404980244,22.259834500384443,77.24720560184532
5.758666773889553,33.36475170269714,69.44919182705372
2.4726146419309685,33.99972424501233,55.853616462560176
0.4005701251178314,31.146763163434247,28.106939317872243
5.5474858725214835,23.297537965019053,82.22818223209146
5.31363106127765,32.787345523991796,72.22074148483938
3.180634538533111,30.925314199193252,81.15849184387238
3.358293410029657,25.986934184825053,95.13728408716025
1.349272506379137,28.027334941707185,62.05424240738826
4.93475945771336,29.941112095143627,85.8826619433106
3.041740226513546,22.288605708079256,77.38530739878043
0.2998789913410834,28.018490945198742,41.10882328986771
4.129788243049087,30.78874519905982,81.81402304451285
5.707927991835966,24.258704462755993,86.84178142122877
4.991987893039926,27.325486881751996,98.43766296759043
1.7354690272421849,28.390361550219197,68.03564510379155
0.4146180011067099,30.826784463510787,29.92379459728242
5.648073333975265,33.57344452951729,68.44746625831701
5.628670076790239,32.1793065760515,75.13932843495279
3.2412503863059294,29.4582210427594,88.20053899475488
3.8896727288620574,29.00368809801771,90.38229712951498
2.829340358193769,29.238240316872048,85.84325364288955
2.5766156658826764,28.542143711917284,84.13002350045056
0.8047457719793322,22.712354563107084,35.51421734250064
0.6708421003304665,30.37955673505846,37.19496967832872
1.4731196653895062,30.596041601555235,52.20139362032499
5.036180403798611,28.14976434720433,94.48113113341923
0.9604105743405119,32.44465126483051,33.07388541562378
1.4375220462967935,30.069241633080143,54.01808108715119
3.3368229500010247,26.3519758942842,96.88948429256416
1.3692741866618192,22.23633224318361,44.51987850051772
1.062919439834944,22.709939757972162,40.666099634965256
3.4235658260179775,26.221579139701436,96.2635798705669
2.2717502988800318,27.545263902384193,82.8177392461565
3.7943397864587687,24.0024534341011,85.61177648368528
5.4820115084111904,24.271939677071586,86.90531044994361
0.9908594754668991,24.762536305352036,49.077363775027756
5.489258592897077,31.36616007491527,79.0424316404067
5.42469080779522,31.255454091421257,79.57382036117797
4.991616741681827,26.595267824965347,98.05728555983367
3.824586912105903,24.06837257901275,85.9281883792612
3.7588652790467303,23.330900620761632,82.38832297965584
3.8713546936253596,23.04555174456608,81.01864837391719
4.173923752185098,26.695351010792464,98.53768485180383
0.1972449835173264,22.546509199853432,22.568143829643
5.752746217047833,26.00362044551602,95.2173781384769
3.555062192646921,33.53839891049365,68.61568522963049
4.710648452474287,28.090055387320465,94.76773414086176
2.3259628504620427,31.871735882022268,63.13492477553397
0.17314356210319615,23.551191350744787,26.9085897256389
3.1074344932710196,25.216945388916457,91.44133786679899
3.092421703963981,33.35855733452811,69.47892479426508
2.6782368010375657,26.60262276320828,91.65732528415106
2.104330619556253,29.78087354137987,68.73841939250168
1.5739739180773602,33.71352134995107,39.25457588178206
3.212514759533379,28.609453075968826,92.27462523534965
2.3141410241916156,25.66415139074483,79.8707471594075
5.822598109993871,28.383381471424748,93.35976893716122
1.1202711158248957,22.65564639197031,41.5525249979554
1.9860268489998134,23.348438489112294,62.193041727735284
1.834366778454969,22.08605326062724,53.100391220110126
3.3055241397921464,32.61052049878005,73.06950160585578
3.0457535161474727,30.055365146795147,85.33424729538329
3.8980687460032115,25.579957181592977,93.1837944716463
5.705010446387827,24.653937030487654,88.73889774634074
1.7828044044138178,30.19691921389336,60.31087586158823
4.187352258604479,33.03438477742339,71.03495306836773
0.24773719773058334,25.58966909262533,38.185155599213246
1.648091989128385,25.85870931264138,67.48364448324632
2.8359463951798976,32.25088870232528,71.51466213243663
0.28286925203869334,32.72050979060503,18.19893804586973
3.74424981726647,32.96843880195734,71.35149375060476
4.102032589570078,25.51785049608034,92.88568238118563
4.505717117544475,23.443750811156185,82.9300038935497
3.1477895785737724,27.279970863982506,98.65613985288397
3.6632735233738973,25.549178381694173,93.03605623213204
2.4367849825430747,32.60640000174203,61.82497964249975
0.343392891788719,22.439619301642537,24.97803048365856
0.689715949069627,29.606565635635267,41.28280393034326
3.964475952788639,32.87417638897737,71.80395333290863
5.97377626755608,33.720044401672794,67.74378687197058
0.19323911106344746,29.801567191576517,30.41725970170167
3.3897426312756584,33.39907548426856,69.28443767551093
4.530951642007091,22.90791355150081,80.35798504720388
4.977971485281884,26.311340151954877,96.69443272938341
3.316708917213577,22.104576367920803,76.50196656601986
3.75750428308622,33.77420526628982,67.48381472180887
4.210677177119865,32.83271774520039,72.00295482303812
5.167900873191241,22.336630674978416,77.61582723989639
0.82150826949663,22.21759180551719,33.47460605641512
5.564474958021695,26.403633929276396,97.1374428605267
0.2535026809542631,25.10245560149082,35.9618405062412
5.033578530650875,32.16318732691003,75.21670083083187
0.5527685167022138,23.92581283926235,36.29927196250355
1.2483064484690416,31.487793552410288,43.42471991781145
0.12297546364868242,28.65351639988796,34.52263055351145
2.72701456266264,26.528701256859854,92.27805728618011
2.0727194376326143,23.748637140800547,65.84784702849491
1.0793581777734613,33.97229567151605,28.120144332192183
2.761431948743047,29.41583345105844,83.63263840978043
2.473988210715885,27.27258679081593,88.17134761840126
4.6292000929225745,26.45353067863278,97.37694725743735
5.369468805813191,32.868738767570264,71.83005391566273
3.9501467854257832,31.85430169828913,76.69935184821217
0.8340212934864909,31.734229460418685,33.95612445972013
1.842805688788119,29.394381675548715,65.36308173312855
5.488577951310451,32.65547899234962,72.85370083672181
0.623533508746546,25.591340465464846,45.70910440916218
2.5004494524058765,30.44447362195947,73.47551566271207
5.66077725347754,26.85337290870271,99.29618996177301
5.708922564669965,29.199985702716305,89.44006862696173
2.5260987445884657,33.977836007352316,57.0283620564782
4.037641639782905,33.81429736810382,67.29137263310164
2.794799030288594,28.151428197609377,90.36912525724688
4.5454171826744165,28.886361425977896,90.9454651553061
0.28632985108869125,32.76786122964761,18.04086311946531
0.9505271786360149,33.82762855016626,26.23792653192225
3.723772940907236,31.343293631512957,79.15219056873781
1.4720583484140755,22.78221349550357,49.195791746698646
4.029708565687977,25.871676812126367,94.58404869820657
2.1722152720216603,32.7587480790437,55.80231466102345
5.331208792954146,31.220230070205766,79.74289566301232
4.93363037480392,30.906796852293127,81.247375108993
3.0077430204058153,30.015078765617695,85.52762192503506
4.660081013859661,26.983166195588602,99.91919773882529
1.6997135287870335,26.83889584413642,73.22097062759549
3.0161326831899897,31.707189851089613,77.40548871476986
1.2651441059933413,25.525363501180852,58.22462692553492
5.1792283942738635,30.21798247241168,84.55368413242394
4.956098937753648,30.71450228108748,82.1703890507801
5.422683043613107,32.134671872338345,75.35357501277595
5.277114189223131,25.838627088484188,94.4254100247241
5.761617946151019,30.902671202058425,81.26717823011955
1.4471837666283633,23.27787877094424,51.077493433099626
5.597763315692362,23.656740747422855,83.95235558762971
3.4701578289767867,27.008032482080818,99.96144408601208
2.592720995117098,22.66270931626297,71.03542462040421
3.406205986210451,33.372379857584065,69.41257668359648
2.1213539042366394,32.82274972611233,54.477879399393615
1.8024627410696175,22.587204346310116,54.86783568368091
1.52375459406742,32.05974066270734,46.18833670035316
0.5863251377970482,28.106490089080303,46.41535032835551
3.029732893168406,30.4235546604826,83.56693762968351
5.337793886711935,32.64317403157825,72.91276464842441
3.8178966187188697,28.923693844932384,90.76626954432456
3.173756233259064,23.395925203415555,82.70044097639466
2.6286982176804075,22.030943325839036,68.72249231763551
2.8399695952714326,27.96305838701736,92.17671164774532
1.3347363506745107,33.390785585492324,36.018956203127054
4.955321675439274,28.87146245935835,91.01698019507991
1.2704594833610157,26.47526965705875,62.89048402110231
4.328074264691146,22.37106420497096,77.78110818386061
4.5839115678273,32.9797530073384,71.29718556477567
3.4917273479636326,25.925879930296507,94.84422366542324
5.191265612233488,30.457328815781153,83.40482168425046
1.8171970794588355,30.33084642533758,60.35587874755633
5.301541605332893,25.046597936424973,90.62367009483987
4.403521711635895,22.765330077528702,79.67358437213777
4.8126239837943885,26.620004544062123,98.1760218114982
4.0210202862111535,25.8055721660464,94.26674639702273
5.093423800240819,30.40307678646791,83.66523142495403
5.959283290034052,31.83738994791807,76.78052824999327
2.5789608416953684,24.669345008700095,80.39207287566782
4.902102533886465,28.338772837317308,93.57389038087692
4.493020581156398,22.48730016865794,78.3390408095581
2.771933977700906,24.571069875201545,83.77981495498554
5.568999098421821,31.141139263864996,80.12253153344801
2.427112984478309,31.52077984586887,66.8425164293956
3.436248906029802,31.316853561421638,79.27910290517613
0.7250599062466732,23.708655099859243,38.70274260425783
1.432073644990971,28.612416729621007,60.90187259763859
5.0601074061491875,27.072500973320594,99.65199532806116
2.4396610646901995,33.897835561541086,55.68361059840677
2.4250961275500234,29.848838428700034,74.82749809324031
1.5512880073246595,33.22242509674875,41.15811968209919
3.000500972354981,23.744203660101252,84.37217756848601
4.854320071968672,27.410479277202747,98.02969946942682
5.381468294865064,31.259291201270422,79.55540223390197
0.5136751490606849,26.414292736364832,47.46210811576489
3.4914423143166813,29.59010195384376,87.56751062154996
2.856912870564774,28.140426068483926,91.66421228257263
3.7242629177823128,33.90315291061591,66.86486602904364
2.7389265527587883,24.0864704807859,80.79358936294807
2.4520044430351495,33.22418434396153,59.16400400968763
2.8840962033339874,26.81885144563956,96.81241100574964
3.5337948596628435,27.615915596527536,97.04360513666782
3.0558009450874835,28.343222604279745,93.55253149945722
2.8856522610218125,25.184398593202957,88.99815846781044
4.925228328752676,33.56388931132952,68.49333130561831
4.49932314830336,32.937846462817475,71.49833697847612
2.1141331156690377,33.67486120253635,50.243328541206274
4.82340499334039,33.96303486651428,66.57743264073147
5.136538947126551,30.037601142171667,85.419514517576
1.005604011707724,27.420225949668936,58.09499567574359
3.5378265242114773,32.20880681795566,74.99772727381283
1.7833407622353614,22.285658534036063,53.03797620808034
4.461116699367663,32.01284853656204,75.93832702450221
1.5088334432162314,27.96743229053208,65.53299386977065
4.061280792620888,30.07864032500101,85.22252643999515
1.6052354707400402,26.48855273611009,69.64976254812925
3.115748204236665,26.42347784640179,97.2326936627286
5.697014160705534,22.38060583373065,77.82690800190713
2.349714476892964,27.08547316514816,86.58401834514811
5.266857067182925,26.90025034503196,99.52120165615341
5.9229730291029785,24.697493222416856,88.9479674676009
5.261620007950463,24.96787928247721,90.2458205558906
1.078609575367723,29.00967496531014,51.92575167386579
4.935983495257462,25.813257310474036,94.30363509027538
0.2896814310933114,31.963022908207478,21.97111866247034
2.4204811138259164,23.3366212822848,70.82540443148537
5.237326902575396,28.931739358900522,90.7276510772775
4.163638055283527,23.92053672566923,85.2185762832123
3.243168521293481,28.338887523047905,93.57333988937006
2.388397747987461,28.630550643403822,79.94131187141087
4.892551984174688,29.70757223830875,87.003653256118
4.286394583294503,27.129099367274726,99.38032303708133
2.863591385732473,28.113696221551052,91.92608585120442
5.365657589536993,24.17143139297552,86.4228706862825
1.4566933051299313,27.556184196835957,66.46418195778602
1.105309904035887,26.476364669131485,59.592748492548864
3.8925422095681315,29.993573255852915,85.63084837190601
5.834766621940445,27.21786068195783,98.95426872660241
1.558813782509945,31.352099811762642,50.28619655373822
1.5730552357095764,27.111905182884307,70.92395983634685
0.9230432029769206,24.829254075687505,48.041283622838435
5.17732497611443,25.284264627503013,91.76447021201446
1.4357454884268712,22.54342270109964,47.323338733815696
3.0687533076768383,28.47902572721092,92.90067650938758
5.946147620213007,31.97057060680386,76.14126108734146
0.17163131544005703,31.22934048181084,23.131791996109108
3.3832679340136855,27.253473596061657,98.78332673890405
3.1225053519591803,24.353444261734147,87.2965324563239
4.863939520819913,32.361813319569436,74.26329606606672
2.1961610833613845,22.68137240854082,63.19380922822363
2.5210140175043456,26.79067270242993,89.41550932175059
1.0908340855332956,32.27938170860742,36.47564950935031
4.470809866651141,26.718120248850358,98.64697719448172
4.729782564210074,23.41450564908352,82.7896271156009
0.9063135925950986,25.191394004149554,49.444963071819835
2.4213967365310984,29.20035330091538,77.86623888622815
5.36813947263983,23.82443089233485,84.75726828320728
0.11597291468714424,29.85922392210827,28.595183467623187
1.8626785166735307,27.25794317439095,76.01544309639405
3.374749481810032,26.012674009846265,95.26083524726207
2.0711537719937247,24.891105766277967,71.30038311800874
1.7050666161482497,31.879959830280512,50.67752513761853
2.8142211609289545,26.760087369560818,95.13284259247102
1.1709863378471932,30.861751187274734,44.88332105802514
3.224788921660955,27.28426231164861,98.63554090408667
4.2695059357480325,23.102406242641354,81.2915499646785
3.494240220508163,27.286071702007124,98.6268558303658
0.6493450520653323,28.09225335682917,47.74408492852664
5.082010823576882,27.494106321920523,97.6282896547815
1.1323692411761805,31.79490054097927,39.63186222682312
4.612390803605659,32.930216188516354,71.5349622951215
2.2273341535775177,31.44134410253241,63.2282313793948
4.718291953531003,28.993382826531516,90.43176243264872
1.3170101300915402,28.49739952665869,59.15268487386909
1.2013064118030359,29.735392361483907,50.896244900937965
3.0324524926831455,25.453963557272495,92.57902507490797
0.2943224867203269,31.74216215378422,23.124071396242275
1.429254298815767,32.28217813124393,43.23063094634447
4.371672287887654,25.206605958181967,91.39170859927344
5.04056252200201,32.83381849768093,71.99767121113153
0.5766336472330816,32.18479268790001,26.645668042741598
5.304258485684816,27.09384120979012,99.54956219300743
4.805351503913756,32.90800242511295,71.64158835945786
5.231137344671096,23.445267925738097,82.93728604354287
4.220728472015155,22.335838710506806,77.61202581043267
4.077503097034392,26.174401907128654,96.03712915421755
3.1980500767346967,28.78522838592814,91.43090374754493
3.951444624498759,26.217311374394395,96.24309459709309
5.522747020942971,33.30481280405631,69.73689854052971
0.6930798083585796,25.05652274866174,44.532905360747954
1.9630104192919382,25.374560723112147,71.45809985677707
0.5274843442156438,29.61793135053826,37.98361640172923
5.674350514469827,22.046366588100497,76.22255962288239
2.7270662493963895,30.73068462825519,76.63403877230287
4.084532376989512,26.52963379711789,97.74224222616587
5.0626083805754964,33.73297441171955,67.68172282374614
5.946901463651282,30.297011116356984,84.17434664148648
1.054516500974368,22.62657946098812,40.097911432230326
4.817124373737549,23.111533704903685,81.33536178353769
5.335795099006744,23.058017283089903,81.07848295883153
0.38836472342016615,33.431467118703324,16.896252298627367
4.549134305094883,30.208618494611052,84.59863122586695
2.1928793950596472,27.13127208746723,83.22748188135023
3.9267210696755495,24.405792278560373,87.54780293708978
3.1328843566293023,32.48367695722964,73.67835060529772
1.632479287311158,24.418671132056087,60.259207180092375
0.8978060358235177,30.48015059770981,41.25139784746327
0.789988675226329,31.159892338544154,35.83229027951464
0.7096048604801011,25.535873066264898,47.164287927673534
3.862961236794009,28.058976846047706,94.91691113897102
2.173324023257275,24.675871387820727,72.31066312668499
1.3781372854146476,26.547155889465976,65.38909397772963
4.182122046964828,33.58161277936011,68.40825865907149
4.1524124380221545,30.317656415853165,84.0752492039048
3.281092924906287,32.15937047428618,75.23502172342634
5.6162511195085205,28.48719485760089,92.86146468351572
2.373943965504386,24.868476905816273,77.24756845800583
5.031591530488829,30.554558280006322,82.93812025596965
0.5433225067999583,28.006815529486797,46.03373559446254
4.465003454827176,24.122186417284706,86.18649480296659
5.931839741608387,26.949158675418524,99.75596164200891
5.09492947609812,29.618082628195673,87.43320338466077
3.5200218439293507,30.823982280186858,81.64488505510309
3.797919779530248,24.918649550684222,90.00951784328427
2.1844083416779863,32.511968072191976,57.23072008703824
4.108962787722813,26.554613284896135,97.86214376750145
4.645332760769829,25.25364061471298,91.61747495062231
5.989548038595338,24.341440665444697,87.23891519413455
3.005531210302555,31.650056012835684,77.67973113838872
0.4616939880633094,26.24997489959275,45.63375927931139
3.615561909312813,27.800788334655216,96.15621599365497
0.8022424848947947,24.673837882766506,44.87927153517512
1.5441137569810495,30.233092854027177,55.363429440290545
2.03980147670385,31.372400890629066,59.80850525905748
4.413076251575623,26.073102987440098,95.55089433971247
1.1844679308831534,33.340952624456826,33.25278602027031
1.07794238636988,22.367327314722832,39.322018838067194
0.36528903074308205,23.595317239288484,30.963303363446364
5.252115624487897,29.06544437872589,90.08586698211573
4.191682003700758,30.416882344580557,83.59896474601332
0.3356841471439963,25.008195874108708,37.153023138601725
0.266924603264876,28.64885316269618,37.42399688435586
3.396178349202831,25.82063496451375,94.33904782966601
1.7669529675915954,28.649070947459084,67.4235188040283
3.62068546754838,29.911932133171028,86.02272576077907
2.6641646365176954,33.67369664282869,61.24954884477621
5.547544117630502,27.468362320254204,97.75186086277982
1.7980731882720709,29.778592483256567,62.6242198458099
4.106957673789472,28.93647097503918,90.70493931981193
0.41892043854973526,25.810658726650875,42.6695706589189
5.739577151714659,25.036769580372646,90.5764939857887
5.8864690606592776,33.85444866093668,67.09864642750392
4.460540311196833,24.482228340418185,87.91469603400729
2.844753582225082,31.48330320489084,75.3752162610256
1.3979612920308422,23.75904869224913,52.40265956341267
4.893846407462992,31.65221523233501,77.66936688479196
4.444489173167431,24.228741315874576,86.69795831619797
1.4095288334095997,33.605879728194004,36.48235397286077
2.7621702355278677,30.231851878894208,79.73051569186515
2.830513733119032,23.081418924109947,77.80108549810838
4.975822244838984,30.31812543350813,84.07299791916098
4.134683637571051,29.24344915337862,89.23144406378262
3.8946885068863257,26.050554960327503,95.44266380957203
3.9339817931233427,25.128831973080576,91.01839347078676
1.6957734683566257,30.625129380977825,56.51484833843896
2.293096432994251,30.89633647539839,67.15951357797275
0.3694074840765662,25.92647018743044,42.23520658119743
4.7429527012915305,32.51472533007404,73.5293184156446
2.654689469501902,25.225926626661895,84.57823719801513
2.685606306816684,22.83837311169773,73.73631707248279
1.547601963108398,29.198414137930943,60.39965140009943
1.3356209606106306,23.284846873979394,48.8796842073137
3.5681493844572727,25.31996877119782,91.93585010174954
1.4720627897016871,28.086236716581254,64.22731955444372
0.47883222423624006,25.43631546828757,42.07095873250515
4.6282937542873,24.579956109040534,88.38378932339457
2.3211696629975593,30.438224978867854,69.91991336138548
2.3433899450058964,28.563992096827548,79.3606368353457
2.644777860943169,32.07713497900337,68.52530931964722
4.908764458107753,28.97487513586573,90.5205993478445
1.9929376860449213,27.80136654128534,76.01219432272879
4.572413646421232,25.13507621932946,91.0483658527814
5.643314560599305,31.50479050109557,78.37700559474126
3.9991223559563167,24.36245210277241,87.33977009330756
2.6469183789444455,24.906740931677923,82.89072405094294
4.511959366565321,32.09906316103684,75.52449682702317
2.801594481533175,30.894310308750534,77.33920014866094
2.545120899538031,29.354481867754245,79.60090502554024
3.199170665078831,22.467046369438883,78.24182257330664
1.9745617753748337,23.527091419416717,62.821274320696915
0.7150762760520071,27.999489522251316,49.503975814233826
2.547626832604375,30.956067081794693,71.96341465947297
0.8307555986628814,27.56921037030188,53.8829021958086
2.5216046939771357,22.207516292977395,67.4281720858342
3.385908955159357,24.21123998400186,86.61395192320893
5.591195969113316,29.065200395442616,90.08703810187544
0.31371175316729116,30.330604716255895,30.28733242531753
3.766604598361471,22.401139752542854,77.9254708122057
2.800637601235456,22.519981041526005,74.50866102403396
0.2195406564044211,25.135721385476355,35.44227577837493
1.5723342380384504,23.00202034463878,52.25638241503515
0.7990629888933293,28.503354786320376,48.76515680352878
1.379085459815524,23.484423783480167,50.70694335701529
1.7199644364194175,29.77863201881707,61.06185503806641
2.4677073787549584,31.32670383169104,68.58596918298217
3.221332421584453,33.64619996502528,68.09824016787864
0.10584096416567801,33.38088353965257,11.488578292981215
1.0550292277095707,25.28038180282334,52.84641720774344
0.6520416750919241,22.352915231478075,30.734826612933247
3.3430730556501884,25.952946593341217,94.97414364803785
2.041541735367492,30.501761424551837,64.02237986950102
3.335546642604837,22.717614511270472,79.44454965409827
1.4087574828305993,26.316551892057145,64.89459873848628
0.2429531891167507,25.576414570562882,38.025853721036846
5.654064717494456,24.63214762982772,88.63430862317306
0.7390179150150648,30.473569056763782,38.10722682783514
0.8484666129741292,29.90916406029249,43.005344770078636
0.964626276409829,28.425929128412122,52.4480657118184
5.889531491560309,32.92929567617917,71.53938075433997
3.7441954170029774,23.23766623276327,81.9407979172637
3.7007107150527188,23.79627069373757,84.62209932994033
5.921519388959324,26.601396150632958,98.0867015230382
0.6217887387204631,29.870584622354805,38.6569685871062
5.849555265999506,29.008951506944946,90.35703276666426
1.3036775646688414,22.888512249615182,46.3384100915297
3.7761218710160094,33.50109764495761,68.79473130420347
2.578493035286471,25.6607777975367,85.14159413390558
2.3653156995153517,26.307671365397127,83.98313654421324
5.594335638028829,29.48355758852108,88.07892357509881
0.9804435977975131,33.34198620951682,29.167338150269536
5.982707165349837,29.952258869239266,85.82915742765152
2.3368378604401365,33.45727995457245,55.74181342685497
3.927771932942471,24.25109342584575,86.8052484440596
5.810649715751825,29.42571914767522,88.35654809115894
0.4398461972359512,31.94654670251542,25.053499772645008
5.544899741258624,28.108293619058166,94.6801906285208
3.4500871735906258,26.346084109952088,96.86120372777003
4.255941585966968,33.81710236038253,67.27790867016387
0.9801866849294553,23.691848084759926,43.72460450543675
3.2469858419030904,26.93115433034388,99.66954078565063
4.0737309168789375,32.48048503072792,73.69367185250599
2.791859113587323,32.80576895807105,67.96949127300543
1.0144125508257347,33.764585218717286,27.818241966671717
1.5403025430049022,32.61817110717258,43.83882954566966
5.140917466861641,22.61148430464895,78.93512466231496
0.3033788577133004,33.157197995529856,16.5130267757227
4.282286262800793,27.13800629688142,99.33756977496918
5.996401215435708,29.819430249478984,86.46673480250088
0.14414967702992304,26.73131043000543,41.593283604624524
1.0501695286376456,31.764016919362582,38.136109359812515
4.077451375269494,28.911031315873192,90.82704968380868
0.45394592405355483,32.14653571064805,24.375547069960447
3.579760904749568,24.325257658249207,87.16123675959619
4.135600611010231,24.219797137058826,86.65502625788237
3.5700634538730145,27.284521619017443,98.63429622871627
2.254589747824297,22.057018539549766,61.365483946324815
4.21396554632117,30.314235458755096,84.09166979797554
3.606337125281541,25.55264473369613,93.05269472174143
1.3250593153541266,28.687592154573398,58.40074396513022
3.4224997071521477,22.84004272553016,80.03220508254478
5.303252581119672,24.047732312592327,85.82911510044318
4.034316385573655,29.474310040263195,88.12331180673667
2.883569893623698,25.667951525332516,91.27756519407004
1.997346206929762,24.576663311027605,68.31490803152775
0.6067286356816799,24.746158009693215,41.316131160161035
1.5433000832782695,24.577832376705945,59.23959707375393
0.16600184321257366,29.474211393166577,31.443822177051906
5.92109291339729,24.012294573633486,85.65901395344073
1.4126452875595659,26.352476310158686,65.144792039953
4.907768061843699,30.25464238712143,84.37771654181714
1.095004802649374,28.164052688171807,56.312643149762806
1.7732467826728864,29.167370449305807,65.06155749678986
2.567836183447364,25.010883753564983,81.8089656860592
2.01399341843547,33.192578477982465,50.555491674393565
4.8102697952831805,26.966550979796025,99.83944470302092
5.750391107290996,25.443567239348013,92.52912274887046
5.264237453540006,32.85191420870167,71.91081179823198
1.0061094149917638,29.863475383172645,46.37750646060658
4.682463190460813,29.367350357661405,88.63671828322526
0.9728867884977975,32.64081582599402,32.38181980518466
5.488948528716398,22.702483435256614,79.37192048923174
3.155483596444613,32.05215414409096,75.74966010836337
2.08464841953457,30.13437237166121,66.64798100671757
1.0264504342717375,26.31991353736155,57.26459366477019
0.16967362025612723,25.076216110286268,34.15930973449663
1.5628872507992202,23.25767079857869,53.29456484916212
5.4927183733597404,33.29289004296028,69.79412779379065
4.803846934406142,23.702945239954435,84.17413715178128
5.821782875729245,25.11326242877061,90.94365965809894
0.6944929746161009,30.293286154833638,38.082085949120554
3.59385458668345,30.52182925463191,83.09521957776683
1.6171877967815822,23.92922445523113,57.60403332074107
3.303356064057204,31.76957392918753,77.10604513989986
1.9906838248243854,28.123447230116348,74.42112979192925
1.7724467464358096,32.18148013738131,50.57783026928592
3.4856872819451254,23.047424678170536,81.02763845521858
1.181577155030288,22.513959989124277,42.098551048402285
2.86788727813549,29.643884577932198,84.66709958863524
3.9397923637598056,23.8002855653178,84.64137071352545
0.856274231778544,28.299388548799598,50.88841960133281
5.590506198173734,22.169305111414104,76.8126645347877
3.0837757267793364,31.359151126578404,79.07607459242367
4.935215034117619,32.79436204214202,72.1870621977183
3.958042040664274,32.06659314357145,75.68035291085702
4.289005553213019,33.50023375780502,68.7988779625359
4.325172551857745,32.83714905590548,71.98168453165371
5.263089392662688,27.328216219484382,98.42456214647497
3.7202720667768525,26.78017850132376,98.94485680635405
1.7414811951561988,32.754204015658516,47.20944462796311
0.6871068929061973,33.123265544286724,24.350463245547672
3.676878654755835,33.67403137981644,67.96464937688108
0.49148154224642826,31.21980681811339,29.57455811798429
1.5236313649682283,24.423865959296563,58.10718390398807
0.4581723891512791,33.33944963332867,18.73408954304797
3.3384367751387463,33.365697601794636,69.44465151138574
1.0459949371629216,29.993576366955658,46.550732181871275
3.7014031846574924,32.287363196193816,74.62065665826968
4.766104272093279,28.734117053967427,91.67623814095634
4.949096252553987,33.32952334494067,69.61828794428479
1.926306698012002,23.127236759105095,59.936870403944496
3.338831742897527,32.367564357817244,74.23569108247723
3.421763484509518,22.66604354844567,79.19700903253923
2.890034374709583,26.069284626616245,93.33325370194962
3.965171959406113,23.623907711383143,83.79475701463909
1.3395140305588482,27.749621109554944,63.19209928531323
5.877535113562086,24.78695389590964,89.37737870036628
0.6786709798365014,33.424868552007965,22.734050547091798
4.992404733098403,28.711856003840914,91.7830911815636
3.6051663230120083,32.7727688356447,72.29070958890546
1.5446430084429241,25.33670162861381,62.90902798620476
4.499482503895769,22.311730719358728,77.4963074529219
0.5984372844947246,31.30786004420706,31.2910174777006
4.66906522324782,30.428531919663662,83.54304678561442
3.5809128112337802,28.545899748090324,92.57968120916644
0.7534268785387694,31.784112756750552,32.104796338372736
0.5690828222449844,32.08101247177759,26.992796580367255
4.529934367275128,29.054839696218085,90.1367694581532
1.8283218483726396,33.591133502247246,44.92899615666602
5.346880919526559,30.636543371407928,82.54459181724195
4.596230824078039,30.122504513951544,85.01197833303259
4.219322443834525,26.337061510703744,96.81789525137798
1.7437757105373608,22.02710294320009,51.00560833810766
4.282772662227545,24.891312086730135,89.87829801630465
5.694071338637521,31.16704608177556,79.99817880747732
0.6402030227863567,30.51845505324609,35.9154762001459
2.02435958782104,25.97226573796113,75.55406729863424
1.4845663662234057,29.506995694461267,57.65774799105403
2.4201757929639336,24.343449753677646,75.65207467693138
4.479762663638284,25.163532631228527,91.18495662989693
2.898031230409781,33.36889712682996,67.38991839941183
3.4673105761094534,26.958166875227136,99.79920100109025
1.95351383966222,24.939851131586256,69.18156222485842
0.9336066758138932,27.845298962067897,54.614698498351956
1.6749085287325984,26.644190557448393,71.79028525040425
5.1721137773277235,30.75434844818927,81.97912744869151
3.654260076705122,33.545393277890575,68.58211226612524
2.3301331718636793,29.1008490934923,76.51858778851054
4.760445292239966,29.09376624324298,89.94992203243369
0.4802988514839617,26.378006304681797,46.62040729215187
1.5979574187420758,28.775571183703544,63.43640669306451
1.4576086089383018,25.83194639664566,63.5455148826652
5.91365091679251,22.013104891748103,76.0629034803909
4.265981636117285,32.39315407454182,74.11286044219926
3.74493702469247,27.15332902626046,99.26402067394979
0.12941129523739012,27.90506182064796,38.2439291656376
1.1874290123301587,23.002010985111138,44.55823297513663
3.849693628541162,32.045326160864704,75.78243442784942
2.3403440262418282,24.044044844531086,72.61829577858578
5.553254263706459,26.92745390541179,99.6517787459766
4.611872892936372,32.08318656476658,75.60070448912043
2.739566029544308,27.493395282562233,92.42302323458745
4.522138367475796,33.173828025597565,70.36562547713169
5.854885510574707,24.511771641048277,88.05650387703173
2.819786865738677,30.582793959457256,79.19832630937871
3.8909027385423474,33.73598228274073,67.6672850428445
5.520121228861641,28.59536364664373,92.3422544961101
1.5671805060134225,30.306206783727916,55.473817558374456
5.330691690631042,26.7187199152121,98.64985559301809
0.6755137699605978,31.016048076705626,34.23324463102495
3.9258442064671146,32.906488678284745,71.64885434423323
4.718745114829128,30.43666680460635,83.50399933788952
3.726176693589314,33.23114453657175,70.09050622445561
3.0236553445000043,29.063831823907716,90.09360724524296
3.742347889561548,28.925649285411556,90.75688343002453
0.994815881798723,25.655528657309866,53.44285519106181
1.3718671909482885,30.51552989396543,50.56280032793171
1.6924061293424177,32.583430261073865,47.047657333693806
3.6268981097172253,29.755794713547175,86.77218537497356
2.707216335095916,24.796470647182996,83.56738580839671
1.5424074706664535,28.529309376660237,63.50746440535993
5.308575059653022,31.07124900341698,80.4580047835985
2.3061388577300184,33.27235977847303,56.01545021792982
2.731587143456358,23.879152594246648,79.65167532151108
2.517236351639068,23.529965091598726,73.68855947245524
1.1734634361328407,26.955322362794874,63.2548160640722
4.4165993910383765,23.50733403355133,83.23520336104639
2.7459037473862624,33.76514695006142,62.44536958743042
0.19591694836703885,27.09165240739071,43.47840741186536
5.787680843922803,28.40332622881486,93.26403410168868
4.913005308412941,24.725053375513255,89.08025620246363
4.369000189141639,27.38951348244315,98.13033528427289
5.227642036059321,33.816327218334635,67.28162935199376
5.450162796272746,27.864245816403635,95.85162008126255
2.091189267668188,22.105887109653835,58.332043479702165
3.704656202658522,24.910330363007567,89.96958574243632
3.691966074313006,33.74145796574205,67.64100176443816
1.6770680459825222,33.86881016092879,40.57107214719226
1.4095182835376967,24.525917077260466,56.31476764160417
0.7720528034322304,29.383169054126242,44.001844608838645
3.989953755907072,22.922899966064975,80.42991983711188
4.707422047081601,28.92929970933555,90.73936139518936
4.589622579150323,23.511048417837248,83.2530324056188
1.9660247253913488,31.823938283711897,56.16559074600987
1.3110331177446932,33.274899851226934,36.10114306900458
2.7763236528822697,24.07584169659379,81.49051320129558
3.326199415419013,27.552546023137886,97.34777908893815
5.522614055014479,23.22451598169561,81.87767671213894
5.26145661021692,26.0696800848757,95.53446440740336
5.504744154680783,22.781173057126317,79.74963067420632
5.11654807230228,25.174558336209124,91.23788001380379
5.7910291061742365,33.88268400507162,66.96311677565623
2.8464499832974393,22.535239207856822,75.49814786366153
0.3800936348552568,32.307619955424045,22.125296911069725
0.5930159896760216,22.929430933049257,32.32158827215687
2.402629236456825,28.34796317340832,81.58236149677657
1.6203538385106842,27.425437509128148,70.36497672639857
1.1026494890302974,33.178655920247735,32.39544136341682
5.723902269601027,24.388598347421073,87.46527206762116
1.2529755716226727,24.15618418455562,51.40919551832043
5.760337706659863,30.98456906281399,80.87406849849285
4.588949157895121,30.708633677204247,82.19855834941961
3.881579465538819,30.390181245913585,83.72713001961479
4.088511864527332,22.31352539406857,77.50492189152914
2.0556985095888316,25.119516240698903,72.08764814713138
3.913919524543865,32.07874213425159,75.62203775559236
1.2014834978594655,29.21029745748127,53.420242161279205
5.632462051962279,29.22633904878618,89.31357256582633
1.8805807057675021,25.55099926485774,70.65641058666719
1.605600422531899,25.122077062683374,63.097978351518165
4.2958605093455295,33.358658656219056,69.47843845014853
3.9730474365904733,30.733063346238545,82.08129593805498
2.7626636182255013,23.52239341362205,78.56076074989588
3.8314327846756395,33.252483305725164,69.98808013251922
1.0410091233890513,28.988441821816657,51.27566172306107
4.072637013671534,26.000348403485056,95.20167233672828
1.696603101651644,26.765673356795183,72.80729414564976
1.7097322623910984,30.704854124231417,56.41134545151117
1.056861616168329,26.515271820233004,58.810537060485004
2.0610250967133714,28.944937589423283,71.88480150503567
2.054381255836836,30.52599395978086,64.1628541097886
2.7796561690433887,24.344499967671574,82.84672322569133
1.2234750775314622,33.330897834910594,34.08119194305839
1.2387444633367215,26.27407325722492,61.290440901414044
3.2962575728130474,27.032497084922973,99.84401399236972
0.8603766875558034,30.382172414413848,40.97310616192961
4.164492347134127,29.305421072653168,88.9339788512648
5.6692880425893195,27.28143804327015,98.64909739230328
2.618094167819832,29.796904483609495,78.93674183507106
5.416521347588993,32.83393969086453,71.99708948385025
0.6800678876426002,31.603403399745023,31.505021434075893
0.353450001516303,31.891108119457286,23.591681056931087
4.3560763773316555,25.100900902807755,90.88432433347722
4.59002728059083,27.03284019157165,99.84236708045609
5.074043621697933,28.64582969984871,92.10001744072619
0.4352243025598904,22.530289829937796,27.24987723489923
4.6837516242453,31.237506164527893,79.65997041026611
2.321578523499833,25.881561092981066,81.06306371630578
1.889692032824972,25.391152936492173,70.07137475166186
1.120841135925452,25.111504112273757,53.35204245742307
5.976492955104909,25.400551185040772,92.3226456881957
0.4756151769812954,26.05617798589399,44.98195787191706
4.979347286187196,29.257894696913908,89.16210545481324
3.873017169394113,29.002783862800758,90.38663745855636
4.436974621145016,25.068541043222503,90.72899700746801
4.299131007538599,24.47709131887849,87.89003833061675
5.164763461931777,31.91629828085628,76.40176825188985
1.184373212151039,23.1126800521164,45.0283284931795
0.10486523932464373,28.15387409441113,36.558709133319454
3.6313180853552707,28.24673049027131,94.01569364669771
2.1877659720076705,28.88964168173946,74.68503936780401
0.8303452535911123,32.62780139088563,29.593458395571226
1.1982186492150093,29.48696728113721,52.02693003484157
2.0573209435094153,33.68360519497628,49.065113934302154
0.514376888231549,32.45623700018473,24.097600163744282
0.4357878925578601,24.576883113846538,37.084796797620584
5.50455490351142,24.894199722703615,89.89215866897734
1.9414062211868077,26.137289630982046,74.68711465244996
5.895161115094151,26.698172980961576,98.55123030861557
5.789765349149359,28.635941443692346,92.14748107027674
0.9411705657299715,24.790151594756065,48.21613896942854
4.318053387087526,24.668142173365187,88.8070824321529
3.6447488458497084,26.576679488416957,97.9680615444014
4.174817731320406,30.064277358553024,85.29146867894548
0.6675269000854013,30.25750735715426,37.71450268736758
1.2125044639438927,33.713400880483476,32.02576505255716
0.5521681025602009,24.428985207061768,38.7024910451005
3.66439181078072,26.714309822283766,98.62868714696208
5.9208873475096375,33.57612997526873,68.43457611871011
4.064708772181855,30.280104911986626,84.25549642246419
4.2934930566293845,29.10734229786423,89.8847569702517
5.909051745105359,28.475752616816163,92.91638743928243
4.100268169613597,22.906124561635078,80.34939789584837
0.33707127850797497,32.72048570579092,19.28309418236308
5.215333045053926,29.506062584981294,87.9708995920898
2.2516019132348983,28.86000889513641,76.10399556804319
0.12574536693682067,28.474004119862112,35.43968756339828
3.0926816476088415,26.702970487853342,98.57425834169604
5.628388505169956,25.055976296330712,90.66868622238742
1.618251054450401,31.06386382401381,52.85847473374172
2.9999277210117556,28.114810213139947,94.64746539716336
1.1252836379161055,22.407274387470643,40.4605898181812
0.4403867628319966,26.78913399726596,47.79557844351655
0.5752151856073678,33.14324365867399,22.016734150512214
4.389364345171997,26.486734738490355,97.53632674475371
5.198039377378679,26.958796095106884,99.80222125651304
0.9454631515896975,29.487533476660428,46.969102343823906
1.8010795500817656,31.620097645790587,53.845122301840505
1.2506738591044813,30.021533412456545,50.510116802298214
0.2584490838659248,32.20065677347536,20.205829164636775
3.3652450823332036,23.36764704448838,82.56470581354422
4.229540803812121,33.09511063982379,70.74346892884583
3.9224771372219163,32.84706318893663,71.93409669310418
2.3895159290832613,28.229783039027055,81.88735999433536
3.3745604510454417,29.49690685344641,88.01484710345723
0.6551859091537257,24.553756602416822,41.36174987467526
1.0103919404638384,27.37536925577667,58.40606638154876
5.597588255362602,24.432440331037746,87.67571358898118
4.592895712137391,22.263720147292233,77.26585670700271
5.544160665368487,33.77083681752463,67.49998327588176
5.508413678546266,25.109758188522463,90.92683930490782
3.93141644093567,29.117299706774023,89.8369614074847
5.576608023861774,25.603004602454355,93.29442209178092
2.558554208186533,26.44745944252522,88.51888948785171
0.12133584423115153,26.773138702987296,41.337782658962055
0.4691695834923404,26.020560775897092,44.682083394152855
0.7459752216348098,29.64879711207923,42.205278294715896
0.6625853737788755,33.53123524586327,21.901778295433807
2.1750441060165544,27.143615800074798,82.81152627997206
4.23749776194521,33.67992068865118,67.93638069447434
4.76482795894292,30.013566848137398,85.53487912894049
3.582258318633286,29.28563434025211,89.02895516678987
0.9639734298861794,24.845246221587075,48.93665046134156
4.512619452674234,22.75504847079257,79.62423265980433
2.193331322911834,32.22321724350195,58.79518368942732
0.17666075716359786,28.887772767331228,34.47190586008207
1.7554728611432213,26.972966349098584,74.97969569853763
2.0505432694317696,31.7436078650618,58.241547636338744
1.7180486577868073,25.726964590927825,68.25040319218971
4.890033903806755,31.403407071573845,78.86364605644555
4.583565745805132,25.935566024869566,94.89071691937392
4.203756979434584,33.05057423684996,70.95724366312018
0.9201299632223653,25.21560249348163,49.83749123315913
4.866220067267064,23.650649410894854,83.92311717229529
4.09533817381361,30.377160500192943,83.78962959907388
1.2495423502402123,23.95416703677725,50.37084878133505
3.923754188660947,33.39235660346783,69.31668830335441
2.9527186819217186,29.86666134866639,85.29439916483568
2.692165364951728,24.77032793541431,83.14088138902326
0.761526664487094,24.505827211425146,43.25850390458258
3.157995227486476,33.086500469445056,70.78479774666373
0.6895976729369455,29.29429495419869,42.77933767858519
1.0690949848001732,32.724832080069,33.90270571167227
0.8820232542211001,23.3227024581499,39.98943688354153
5.729238846513045,33.10470634695011,70.69740953463948
1.7807016736189516,28.24059174392906,69.65919310151955
2.1957055092164457,30.021062995976205,69.41300780364313
2.000275577146613,26.474505658495367,77.48313870371001
5.399677626551048,22.709683864069916,79.4064825475356
3.4214988768758423,33.49566929610195,68.82078737871063
5.523043403706539,33.935179949301784,66.71113624335143
1.8695569443845839,26.374562185125313,74.38903737629319
0.7775245791484988,33.32641515702376,25.183698829255928
3.3816888710726305,24.01271549153877,85.6610343593861
2.1386682515611035,23.856213395902905,67.68318933155601
4.831250317595415,22.877342080110058,80.21124198452827
5.288598112578786,26.69523289100981,98.53711787684708
2.8881837143517237,22.62762700217919,76.77628389749458
5.831018242104499,26.735886275354762,98.73225412170285
3.362776737431995,23.66068514379602,83.97128869022089
1.6984303209792437,30.766333546875487,55.89020539458254
2.98495554053122,32.000351792036895,75.69742220884731
0.32013072517727287,30.253785133555457,30.784445862479267
4.843606845552099,24.40592982923387,87.54846318032257
0.6984668000410836,31.20217831489547,33.79888008932342
1.9216160821677295,24.9940023643993,68.80353299247122
3.4353676273291662,31.11386316362233,80.25345681461282
0.3535532413167034,28.80877089875669,38.38896451230195
0.5679697051705447,26.400550195494517,48.48203504178458
4.207086509916776,23.001908536192694,80.80916097372493
0.5234848490585355,31.930114117684308,26.805149216286033
2.9147889108595217,33.2758350495787,68.17176997921266
2.098304237182427,29.99101336000765,67.60922061561183
1.4456685069428572,33.574498800321265,37.35577589731507
1.2137954973956262,33.20933702851589,34.47109221103625
4.604126633022219,24.335300809645044,87.20944388629621
5.714098939586667,30.77454818317856,81.88216872074291
0.9270604789996573,26.191657833252336,54.66116717960436
5.762119193127349,27.850208326787513,95.91900003141994
3.6090987705031123,23.883585173786148,85.04120883417352
3.885796391643217,33.69735313669183,67.85270494387922
4.288565631041233,30.713648596916904,82.17448673479886
4.254301453092028,25.20289971557162,91.37391863474377
4.93688553829556,26.457660282016402,97.39676935367874
2.9524650429514154,27.06979512194541,98.71428427369034
3.2468156663367367,30.97040468972608,80.9420574893148
2.0105793145341537,33.10836720123501,50.891423724755015
0.7210198033203906,25.85728159581486,48.935347726319144
4.021377126464692,27.670001059365035,96.78399491504783
0.2982988181988805,29.118490874016416,35.797220168698814
1.726246801391873,26.72012790880379,73.18154999009565
0.6559562002319915,28.050175880388224,48.078279778776356
1.2252902282040368,23.268491548241222,46.5945639956386
3.868512386094547,24.012092652641993,85.65804473268156
3.8080121182090174,26.81321508664174,99.10343241588035
2.5842239866747017,32.97926814124663,62.98399265551022
0.6320146612879979,26.1922965489356,48.763316660650844
2.6569061071105096,24.997513703260164,83.52618791785898
2.1811947439639314,30.914346650191312,64.83503095836033
4.350709001850103,33.38956199291931,69.3301024339873
3.5162569883744053,27.50948340476257,97.55447965713967
3.0002380272882943,22.103259466806197,76.49564544066975
2.973194285599472,30.257791977707416,83.82648421899384
5.801151634836471,26.98072961939374,99.90750217308994
4.562135908050358,30.08374643939458,85.198017090906
3.0321794067147545,25.332598189950442,91.99647131176212
2.9274134160449683,22.02889772580355,74.68697740475639
0.25622669769928436,26.133954624947243,40.96751615373246
5.660804653586859,30.4575081113553,83.40396106549457
1.9831264334272451,26.71735939611027,78.3058537698742
1.6100405830963884,24.63008967583871,60.82524210595358
5.996512659787261,27.56808236960922,97.27320462587576
4.340269061876694,31.028182279580626,80.66472505801299
0.37944626246579916,23.433197041507672,30.468271048552808
0.4651243144509011,30.301024403759776,33.457569150971096
0.25045922736516746,30.008128285647366,30.57016877619599
3.6377515071259277,26.448854556220855,97.35450186986012
0.5222305503655157,33.64403429655393,18.553246383851437
5.60699130538509,32.73646359376421,72.46497474993177
5.6277485861338,25.79393776962484,94.21090129419923
3.321718993813671,22.373093120726118,77.79084697948537
3.73816969523611,25.69965768094092,93.75835686851642
1.8221769689989742,24.45666331049252,64.23552327034358
0.47743800020881266,28.567022968571113,42.02704975503491
4.451016626631712,33.02493305418585,71.08032133990791
0.700537333619203,32.44405012045026,27.879306094222827
0.6047900820085195,25.66994986797792,45.71156100646441
1.9362163443049207,27.143170402667643,78.03710895329372
0.17354739304350417,22.4385063889548,21.57577852785312
2.6608101329622644,28.52996209178979,85.87238461865428
4.275317369472453,22.760415760608748,79.649995650922
4.82795869538944,33.2632739947492,69.93628482520384
3.665413092413636,32.403206018227266,74.06461111250913
5.096557798372085,24.570251517250036,88.33720728280016
2.4983630022259513,30.392424158344546,73.68362408446521
5.1077553018568125,28.816244589199997,91.28202597184001
3.088192531940438,31.616292550194196,77.84179575906786
1.4159131551899424,27.707825281018238,64.9207017549113
5.670459315296749,24.301263647989337,87.04606551034883
1.7223281556389876,29.67812080147398,61.59158326570464
0.25458875670797937,22.96336392395134,25.715921969126025
1.531776853434659,29.015055894021067,60.96326877739206
2.2634566114188237,24.552457665573492,73.52092902312924
2.172963131406658,30.219237245482724,68.0069238498161
3.195538305717073,31.936517940737303,76.30471388446094
5.310448604011949,23.31429675138487,82.30862440664737
1.824795539947225,26.803222625783107,75.55137940270342
3.1725465869590965,30.80225905331196,81.74915654410259
2.1068198267620284,23.9644367382263,67.56569287872681
4.948461050301883,28.798284040428555,91.36823660594294
1.0298489284020225,30.062067782508677,45.8990532119988
0.7107105830293451,26.257523286872587,50.650323437575324
3.0676719941018504,31.983787290431213,76.07782100593018
4.064136756016402,28.127898220560567,94.58608854130928
4.793598686435522,29.52393807928612,87.88509721942663
3.5787866321413673,23.690473560457345,84.11427309019525
4.6657135917821035,22.27792209439203,77.33402605308174
2.4169893455094504,22.608982849899835,67.26290458970823
0.29391925457216694,32.84704177837859,17.812584555226113
0.7849859166191836,32.59170861097901,28.859516999684416
0.3284633472510775,31.691097269942112,24.052000049299412
2.040767537811307,24.395345094818328,68.31300721135412
3.023398913485226,28.30550382339404,93.7335816477086
2.2022731535759426,31.55340520658048,62.189118079932555
3.407536902891714,30.096030175069288,85.13905515966742
2.9355939761074477,23.386254324111253,81.36590027788297
4.099862530997248,32.74649439774909,72.41682689080437
4.035076765024097,23.928188713335548,85.25530582401063
1.976578467941209,24.061548320960025,65.4270012994323
2.1426652866304403,32.8121035500485,54.95520869237602
3.55237214768369,27.815403269134194,96.08606430815587
3.618951560555967,26.474701911477602,97.4785691750925
1.9567294904590857,28.64388090757668,71.24396145281365
2.0488755260750087,33.77676799398534,48.44902415037055
4.194865577798268,23.435565462892516,82.89071422188408
3.9197238549688107,31.083386185504782,80.39974630957704
0.8967997476106708,26.011910346929533,53.193164617475176
2.7021470900848215,23.404591250171485,76.78497980251956
5.3669658643924825,27.063200264235263,99.69663873167073
0.3142034890164038,28.58503453270325,38.67590402335247
5.145467284256861,24.471539652737764,87.86339033314127
1.0627511266784475,26.86323350915923,60.59854337753326
3.092766931524124,29.628112305667486,87.38506093279607
2.603584930645768,28.917376236642667,82.86829267703055
0.15976309031460706,30.677927128658204,25.54121158873276
5.500841928828828,32.03685439524882,75.82309890280568
2.7840588412724037,26.909683981232483,95.247659935364
5.730182832887628,27.07560730554673,99.6370849333757
1.7917890157773857,27.960305613461838,71.22631337093088
5.211027063154237,28.796240540575642,91.37804540523692
5.54209848657422,23.2998720908547,82.23938603610256
3.385311256587606,25.75162425033729,94.007796401619
1.2957989484195334,24.06270154452429,51.81694638210727
4.1429598494237485,26.630233148129577,98.22511911102197
3.338970592523815,33.680248870888434,67.93480541973551
5.672725028530492,28.992771480171758,90.43469689517556
2.691705164681902,27.152578239046555,93.10172774621458
1.68423052107495,28.791242742684506,65.08664525661337
0.915893308815232,30.02891866512615,43.77905658369912
4.2219380552514085,27.219441559484814,98.94668051447289
5.847246751985435,27.37251765103465,98.21191527503369
0.267228246371251,30.416813552580503,28.943859875038605
4.468627593190948,22.730350998468417,79.5056847926484
5.568889139102033,28.48096681946013,92.8913592665914
0.5412110519413612,28.567933746612418,43.29813905508762
0.7500032661261856,31.081027133540573,35.41113508152897
4.182546880853281,33.7917370280399,67.3996622654085
3.9229839177851513,31.549057441441697,78.16452428107985
0.5060817503658497,28.045463351805616,45.10341091865004
5.023094237691823,24.03343815528614,85.76050314537348
3.188200702284865,29.059131659598048,90.11616803392937
5.452464502686014,32.01158664055223,75.94438412534929
5.280146197856956,33.188968763743986,70.29294993402887
4.893795837395978,31.90372455392921,76.4621221411398
3.143803487842086,24.26762327635076,86.88459172648365
1.5850927863216504,30.55091037219198,54.65748593991151
3.0852554730756823,32.56185936983012,73.30307502481544
0.6947871290305024,30.1722035995237,38.66916530289628
3.987192275993215,30.22902449113858,84.50068244253481
0.8904655934511451,28.001947435012944,52.99996418096077
3.1159204787542665,29.64371466550606,87.3101696055709
0.42085364758422494,25.532568630676252,41.37340237893051
1.867123692620411,23.065721041428944,58.45793485126714
1.4692747179517482,31.932578856944804,45.709115845699905
3.7581861019988563,33.31773168869819,69.6748878942487
4.742041600932802,32.281868024523334,74.647033482288
0.43808743178910425,26.006962645369637,43.99516933355634
5.116673742416767,23.12236181569514,81.38733671533667
5.178529400232167,25.361660651576877,92.13597112756901
2.1193875382993346,32.1140245097188,57.84043311933644
3.988123989224901,29.869774091598593,86.22508436032675
2.4754168870503523,33.60033092923524,57.82674928067789
1.009726204918826,26.112172221245242,55.932950760353684
3.2191082695223514,28.61766544349971,92.2352058712014
0.6095220795594203,31.480458659658737,30.684240024826465
5.282985716836328,24.807903312781747,89.47793590135238
5.55330958051669,33.56907969591599,68.46841745960326
4.947517508367281,29.10877206990178,89.87789406447146
3.4189159124602737,22.09477075983584,76.45489964721203
3.3898316876401844,22.30183930753615,77.44882867617352
5.909183521945486,32.58659219681914,73.18435745526813
1.5626199700039791,29.74337833313293,58.084183401041514
0.5480953588407241,31.156870228766344,31.008930078736032
3.415451449246949,31.408192011482896,78.8406783448821
2.0398350270796097,27.045517315009317,80.57821742954748
2.001798759567461,31.58333495370762,58.03596741355264
0.14180358960269346,33.250389337750455,12.834202970851685
3.6178125163328048,24.06605329323546,85.9170558075302
1.6577988434261233,31.16963679450425,53.14172025490207
1.208365434336818,25.69350409138678,57.89612832539291
0.33854839521872193,25.857916036646245,41.28896488027641
2.2497333012061067,26.953058212436634,84.76934544381797
5.285916347080098,32.364634238897025,74.24975565329427
2.086357764824497,22.26467280772059,58.99758477354877
4.106537839705602,27.207114481723167,99.0058504877288
4.563627084071253,30.16057179483125,84.82925538481001
2.0357947742221776,23.324985499390262,63.075825881516806
4.947680336571043,31.507043164208998,78.36619281179681
4.182089992034999,33.30283117476824,69.74641036111247
3.3995291493356143,23.091217852923744,81.23784569403398
0.1058555378987106,23.83537765397054,26.926923497032803
0.307035518944568,33.68916669935443,14.032710221990094
5.9461084802257735,24.374267689428898,87.3964849092587
4.7154751486710005,22.947276108438455,80.54692532050458
5.631635026760388,33.4263104367508,69.15370990359614
5.423588909016362,32.71147251771363,72.58493191497458
0.22061360054222995,29.868705672797574,30.642484781416243
4.771899009767336,28.61717112745064,92.23757858823694
2.761759889665812,33.030792355633245,66.28739448627667
4.758393403603868,29.866240901337072,86.24204367358206
0.13962312656397236,29.90075991178084,28.868814954731427
1.8003758770833294,32.124226770423434,51.41122904363411
4.532810277168682,29.83894812750905,86.37304898795657
4.77882265274938,28.04412264445213,94.98821130662978
3.756316147166282,26.676657974781374,98.44795827895061
1.8774115177329564,28.03760671349489,72.56771812988367
1.9311392885983913,28.269743789046334,72.52801558454543
5.803907385487992,26.329982573419024,96.78391635241132
2.691351857481807,27.377420907764154,92.0154167923682
2.7380407464386387,31.622463194362254,72.57299159583395
3.3587632264201273,26.998160424110655,99.99117003573114
2.5160637874998937,22.30671719962515,67.7935183081986
3.360762231124744,25.39623186128619,92.30191293417371
2.6507789943285918,24.780902369100378,82.36391125825365
4.977618025652902,31.52298414198362,78.28967611847862
5.463401016809875,27.391516701661708,98.12071983202381
5.599450532910634,25.363726516421597,92.14588727882366
3.429347614393381,31.728458606099494,77.30339869072243
2.708676489040523,22.230601654679344,71.28041772327131
4.260916346871844,24.09101011277461,86.03684854131814
5.046109188645849,31.923457832749598,76.36740240280193
3.4215952281916255,28.607820731924832,92.28246048676081
4.229888028751342,31.283797294953764,79.43777298422194
4.523403169255364,32.058112177144935,75.72106154970432
4.090723282631992,33.30356186306248,69.74290305730011
4.502187978802926,22.761095191640056,79.65325691987226
1.3310074620803907,31.590816919581663,44.584228027615836
3.0404098274286055,30.505193778638017,83.17506986253753
3.570784472170015,24.48430720811871,87.92467459896982
0.11461979205643619,33.18042719608148,12.626345299937611
5.150178802000724,26.850422563676705,99.2820283056482
3.6991445998249817,32.651326329457646,72.8736336186033
0.8619043570193993,29.261364455979106,46.38353775168828
4.91650672819738,28.32097535849148,93.65931827924089
4.330636101999213,23.91428720675175,85.1885785924084
4.573967306435458,32.971931491447755,71.33472884105078
2.4130505249849517,28.679942888346954,80.19728463563365
5.139794789500454,22.07310886596181,76.3509225566167
2.5427627345809376,22.2194144928434,67.90844425726706
3.4660040023789893,31.33159126021657,79.20836195096047
0.10378959182925498,23.943236240540674,27.40332579118034
3.9047513765993873,29.184861227537745,89.51266610781883
4.3372371735548265,30.172983543207764,84.76967899260273
3.445945256383875,25.352387115381962,92.09145815383343
3.029697020557335,28.83176570093695,91.20752463550265
4.878625194899079,24.883104951868898,89.83890376897071
4.120099031274926,33.355785128415405,69.49223138360605
1.7406368343481358,32.322041876190006,49.266935681250686
5.758532694671916,25.45651349796963,92.59126479025423
4.272876445752511,28.34577389140408,93.54028532126043
5.928839680583305,28.00759428584687,95.16354742793501
5.830441765986324,33.52027909540089,68.70266034207575
5.52156736457953,26.728345362206248,98.69605773858999
4.556692093229315,28.7467306554588,91.61569285379775
3.695633274132108,33.144479138649245,70.50650013448362
1.115806915729253,23.9537326141187,47.69405486235482
3.3057733628001706,28.60582723934006,92.29202925116772
4.615721482126531,23.268075044341956,82.08676021284138
3.17305723636285,29.409987181822007,88.43206152725436
5.222610857593381,26.388198440644054,97.06335251509145
0.7469698052310199,33.611632878155206,23.20355828947541
2.3475480534869413,26.984910173782318,86.87852990389393
3.0851900697025783,23.63425165050048,83.84440792240231
2.6507192456277378,32.007999531140854,68.97598716307866
0.7406606321471632,31.85040029707497,31.531291216983405
1.0058169348633201,30.33831543451341,44.09242461160203
5.041942027847374,30.985741622610735,80.86844021146847
2.957867129288561,25.17658261227288,90.40493912468105
0.3874623178410931,29.704642005073374,34.76696473246967
0.19729842796813452,22.456238454464724,22.135913140793367
2.893504871766527,24.362681726680414,85.21096972339652
1.069834482954218,33.18735337063704,31.697393480026562
4.260243081395409,30.870823564991902,81.42004688803887
4.792408428913733,24.768070491871093,89.28673836098125
1.446950579896923,23.336597074231456,51.35467755424945
3.593843974802507,33.387033338422015,69.34223997557433
1.0112233965637776,23.346251992721594,42.6864774963392
1.8911376444068837,25.08484057656698,68.62998765565916
5.343893415670457,24.191607915993487,86.51971799676873
3.310178739745634,22.089565844941216,76.42991605571784
5.32674330135078,25.76961728917653,94.09416298804734
1.4289620446590912,33.69014645918515,36.4665378890931
2.0471436251671298,26.102839669712278,76.63650291796154
2.878617616895221,28.051658553613287,92.52439128056065
2.932472443647803,30.951229407061376,79.68354771906145
5.986123006383832,28.612961224950595,92.25778612023714
0.7752273819296676,30.92309808894768,36.6736768116445
5.126593710049385,29.939630418286182,85.88977399222632
5.195724032589034,29.302756275988177,88.94676987525675
3.363871926072946,29.79578688654094,86.58022294460348
2.1298192927290076,31.589972344939014,60.564518598872894
3.1634340153009477,30.52229673761325,83.0929756594564
1.8255594583587267,31.5012990484623,54.90495373455549
4.814733945795643,23.747171659402376,84.3864239651314
3.039847036390948,30.132084792526484,84.96599299587288
5.562468855376959,30.844262947906397,81.5475378500493
3.7738789317006587,25.599597189962015,93.27806651181768
3.134484065376632,32.49492793411939,73.62434591622693
4.295309188468148,25.656539239632405,93.55138835023556
3.0732044901383824,24.92598543251797,90.04473007608625
5.436587467474738,32.40516178576613,74.05522342832256
1.1882311692323637,24.96423805739712,53.99296606015346
5.842757234100843,26.986029549181602,99.93294183607169
4.891924255922033,26.415073960441827,97.19235501012076
5.17832683500273,32.77674187069927,72.2716390206435
2.94915621098932,27.46282885945557,96.76154569439967
5.039489141091824,30.331707199554586,84.007805442138
1.9099670931055106,31.52846685572595,56.46270095462566
4.595494253528633,29.534842968966114,87.83275374896266
0.9286559344952336,33.32433397989898,28.21631558638957
1.9116063041788014,31.6300903510721,56.00769239842995
2.729822713822424,26.80247953209836,93.6483560305206
2.001686337046189,33.4097421190922,49.266964569281214
2.3834009821826836,28.29489799925601,81.45250924722484
4.938617994223818,22.27092787533875,77.30045380162599
1.6143877636387889,25.120159355834762,63.26452018078263
4.497158915711976,29.460755044447197,88.18837578665345
0.534901207758746,23.881778827893243,35.73056252906248
4.6178607343388585,29.008816538718442,90.35768061415148
4.7729371326956604,26.339176267690355,96.82804608491371
2.470022775464644,28.41262576069929,82.6198518579363
4.362619156688075,22.022498174479033,76.10799123749936
5.4993165820960845,32.18105625602438,75.13092997108299
4.824206543971709,26.34310585330634,96.84690809587045
2.4036344113420633,23.681901211335436,72.14581404125136
2.9568597342523804,27.25499028406096,97.913241321555
4.698209514236252,27.83412752186601,95.99618789504316
1.8263080801098293,29.64883252595427,63.81176547761609
4.842908167822354,28.294749284227358,93.7852034357087
2.035619741109553,22.52228298480475,59.21935314925386
4.855344436074675,32.45814786493318,73.80089024832073
0.6121226157692677,27.478107181443534,49.9475378444564
0.3619440517724818,22.92385327039611,27.673376733350956
5.986285139481952,31.27393883835022,79.48509357591895
5.229797027084666,29.92185302539682,85.97510547809526
5.308800270450603,29.79325327323066,86.59238428849282
5.712551690879043,27.122968020826733,99.40975350003168
2.6860662255454786,26.92596475145186,93.3659553178785
1.7923297726128982,28.436063636648115,68.953489996347
0.8671474706056277,22.60713295478924,36.2571875951009
3.057133887876941,25.58749317061505,93.21996721895225
1.3982850908119864,33.85473008274848,35.062997419047015
5.619750054761986,29.94630986953691,85.85771262622282
0.12361865841239666,27.027209985007865,42.34176524021019
0.9448607526844174,24.668357235285438,47.705329783058446
1.5542075331922183,30.9425123428028,52.160091418390934
1.273844598399851,25.123483716474297,56.46961380707364
1.432092775820291,23.948441246155543,53.99437349795243
3.9706808698609533,23.854178802811447,84.90005825349495
2.0323212620475806,30.75115934997679,62.64086036106303
3.7286438532299027,29.71372305146461,86.97412935296988
5.352521808513118,22.837673192454766,80.02083132378287
3.655084916601642,23.38051378434643,82.62646616486286
4.197743468589651,29.606162408242923,87.49042044043397
2.2564694595060084,28.853393222465908,76.2331017222838
1.042456958973984,30.23198872446176,45.33559330206323
1.9914459684544463,24.136466900359142,66.08396049081281
5.789267627354238,30.719054874606005,82.14853660189118
3.7686871682735092,33.2331576079666,70.08084348176034
1.7373156046606897,29.212603774425297,64.12581397597236
2.760400076256413,24.353560235713406,82.50509065655261
5.029526920842867,30.15452626340928,84.85827393563545
4.043817067164064,26.116980202552774,95.76150497225332
3.407851760302093,22.591452956628657,78.83897419181756
5.3224609721396625,25.628064344229983,93.41470885230393
4.067393476079062,32.86702122340158,71.83829812767242
3.892105411667463,26.933671842111703,99.68162484213619
1.219632009543532,32.375984056373106,38.587916720279736
0.7276932297732059,28.1039121222735,49.25508640855133
5.794338490638655,28.2037358675152,94.22206783592705
3.6332643835920813,22.06259585277873,76.3004600933379
2.552532113963932,29.645248879467665,78.35344765783384
3.575222843370284,23.293766140365044,82.21007747375221
0.4646905703231208,27.74498097618465,45.7179027207761
4.95055091603423,25.123802267897187,90.9942508859065
1.3782086598295824,26.708595589951777,66.16543202836019
4.846821437275888,28.44492826800161,93.06434431359227
3.252832815255303,22.173569375223675,76.83313300107363
1.7317748805757265,25.415002999259475,67.02751200796001
0.2782386946282157,33.87534321150238,12.563126477352878
4.913416796426974,22.688789509846714,79.30618964726423
1.1411148346689095,25.83272185788842,57.219361611242604
0.4056501822752534,25.85705769957578,42.62688060346881
4.559678611872696,26.552631051193153,97.85262904572713
2.1652550120005754,30.217371021308146,67.86171933773241
2.397070632990735,24.972925584195576,78.21145546395346
1.5576987649562422,27.523232129632632,68.6424610768882
5.169153024311693,29.73836280222939,86.85585854929893
1.8542442040285394,25.867864699943063,71.65063464029748
1.340136161531041,33.38527096603906,36.15342259363334
1.9245733853833211,33.75607161931217,46.062323934967985
1.2985824934876422,23.436082812250135,48.86484736855349
1.9741658027507243,26.125838612809723,75.28734139650115
0.5893237149222209,24.495664837677705,39.7656655192974
1.0353271718048043,24.24147514668538,47.465624140185916
2.560612012037273,27.891758060059352,86.93180155246057
5.28885444798027,28.765925297618548,91.52355857143097
0.43801540566148656,27.10782448717119,48.24275057480803
1.354780769884181,25.27065847716833,58.794776088091595
5.459239485695418,25.343458891043674,92.04860267700964
5.351086577543538,33.90553787608877,66.8534181947739
4.108759916446053,33.08412848788301,70.79618325816156
1.5187939691619041,22.910786091872286,50.747652624225054
2.576882310229136,29.87860782395351,77.72032864960588
1.346203867183994,27.482531289818134,64.60792715255283
0.8586722038386992,30.265769166389944,41.49775207810225
2.34199052763196,29.163528466486643,76.45487391350332
3.4973474699150664,32.671028800989006,72.77906175525277
2.223602785242351,22.803859771465902,64.33058260788336
3.7038648477492218,26.195174944692468,96.13683973452385
1.8479029387379025,33.82592950930702,44.19359713008436
2.140518113788663,24.1874241878874,69.3099983776328
4.764974190703197,23.528001274079767,83.33440611558288
5.282056912273762,30.747664072006906,82.01121245436686
2.0000010810332074,31.329221920209562,59.21975640365825
3.47194322793713,30.067282572095923,85.27704365393957
1.7411574749643817,31.314349945119105,54.11426976271593
0.41467438607382245,30.324658865118067,32.33512516890973
4.453357370026407,23.62924818747012,83.82039129985658
1.1089205510932871,29.298662769742087,51.144829727103726
2.6117038901068113,31.32252019071439,71.48598088670715
2.9735684109370255,32.38619927589362,73.61761169445114
1.1883823466567252,24.95482291220449,53.95079691171607
0.657876568914038,23.529169131262464,36.49754320834059
2.1532767865593168,31.373085322990956,62.07472618082974
5.718486854546878,25.078580140427984,90.77718467405433
3.7292999809316867,22.38315373985065,77.8391379512831
2.350320347577125,31.90256276379165,63.47410568534258
0.3295738425678681,28.07189360573032,41.44638754385183
3.641612360207383,25.919597589141063,94.8140684278771
0.6443200815186982,22.13714926277859,29.544718091711196
3.3010100191804055,22.423929336495373,78.0348608151778
4.536507998803283,31.511479246723535,78.34489961572703
2.5991535549392397,27.876470619578374,87.7760121248086
1.8665278194174941,23.796664591557523,61.954546427825996
0.3795669795238318,26.302067526988218,44.24126372002008
0.2461894634534211,23.983661770450276,30.445365767229745
2.6371567609085753,23.35457863816464,75.24511268136177
5.31173709714751,25.315693848089722,91.91533047083067
1.5399703948798233,28.594102569548767,63.14771556376239
3.486927484112746,24.520079293746722,88.09638060998427
4.1374043361105945,26.124052975417207,95.7954542820026
0.4588962182580325,27.735170607477514,45.64910544926858
1.003292217239925,27.040356870197822,59.87213136784896
2.0545330811754456,23.543533589455475,64.49962285289519
4.053549727476566,22.46638762643066,78.23866060686717
2.6903071621457717,22.425504723387267,71.8485659151743
4.431750902487647,26.202148216334407,96.17031143840515
5.218827406881836,30.625624942447875,82.5970002762502
4.574396431931403,23.57506358475125,83.56030520680599
5.9542585231481695,31.443761396373105,78.6699452974091
4.5507303055167325,30.58809171176604,82.777159783523
5.127857250543959,22.047321890627334,76.22714507501121
5.010961514943506,22.32097447578214,77.54067748375428
4.408567997452275,24.34039858645662,87.23391321499177
4.830630718269754,22.67345093260702,79.2325644765137
5.61463104441772,28.37611726324367,93.39463713643039
2.9037235333051266,22.47552713750099,76.35700092610728
3.8658934410840073,31.63175005594477,77.7675997314651
3.138144357279359,27.915544827349727,95.60538482872131
5.12111822443323,30.735452400069732,82.06982847966529
2.6450216569418936,31.008430611230093,73.65996620493343
4.936387949753924,28.08116727604279,94.8103970749946
4.816191992837119,33.10435451504159,70.69909832780036
5.775127998074685,33.8828892862637,66.96213142593425
1.568632125618771,26.31057623217455,68.06340842681327
4.286755108326882,23.510369682990802,83.24977447835585
4.565825036120168,26.358858143774402,96.92251909011713
5.624043107547528,24.68024676417124,88.86518446802195
5.450724266527633,28.372068004741003,93.41407357724319
3.483802584079845,26.540651215028817,97.79512583213832
3.517003796597481,27.765392971441493,96.32611373708085
1.0870182475849535,31.158250912912017,41.78076056972139
5.85227994430025,25.288251694502225,91.78360813361068
1.6046030299502185,28.449696695676707,65.13351645975618
4.375943688862623,26.02193499194426,95.30528796133245
4.795190528351344,31.419530369447937,78.7862542266499
2.7031714772071482,29.674439588892355,81.22611951745965
1.3460429481714424,22.10205676612733,43.410731440840024
1.214866266896152,29.92061609326262,50.27836809026246
5.153326405319391,24.04194409679899,85.80133166463514
3.113463271816238,30.69368548243647,82.27030968430493
0.6318081940257735,28.808064002145496,43.95745667021709
4.330414889301043,26.817792132678097,99.12540223685487
1.5760092115496749,30.3287971504871,55.54195790865541
5.270729029430187,32.27911943042536,74.66022673395827
1.9264735375768542,31.34492456634488,57.67383283308166
1.2815978975318445,28.54455131886289,58.218111620095016
0.6006648169741126,30.672331843114357,34.38610349253334
3.1180337061621204,26.96697465271304,99.8414783330226
2.7593517681278956,31.468313458757542,73.7391307605217
4.532741653158543,31.948622699473816,76.24661104252569
2.841155264438915,23.647526042516784,80.73123029285885
2.1285142166537896,24.856376315127356,72.2808906456871
1.6437640022343702,25.2398648481899,64.42663131599892
1.7410657982728297,23.992980627785098,60.387622978825064
5.574302620784103,26.710420082769048,98.61001639729143
1.073963752318093,24.316398537395347,48.59798802585953
5.930240904887186,29.146471731119313,89.6969356906273
2.0288247856341264,23.21938531477139,62.42954522358521
0.6215023889632351,25.239029836321077,43.977390993605866
1.5672732466484036,29.98624775135628,57.011475726457924
0.4446448393722504,26.78254147760019,47.849095879925926
4.761175638067104,27.057552902240893,99.72374606924372
3.1240621839925224,31.57510303550067,78.03950542959677
2.0882210513141257,33.81413863949184,49.0565555567217
4.006092667326219,28.780813399050555,91.45209568455734
3.82081450310689,22.948806057563292,80.5542690763038
5.645245326442782,23.23483569068363,81.92721131528143
5.77143704881544,33.62200866435299,68.21435841110565
4.116034276425891,30.15081895298166,84.87606902568804
4.925113970740594,31.029629420005833,80.657778783972
4.7753080919775535,30.109165092226498,85.0760075573128
2.9986908429294092,24.15541122034184,86.31979071622901
4.256303899397159,27.380345929897146,98.1743395364937
0.5617281453330641,31.576965251432387,29.265129699785824
4.572324390586811,32.39635555530488,74.09749333453658
5.774814742434969,24.848026176956466,89.67052564939104
0.6013510434418567,29.151541490005847,41.69962171680907
5.033083129091942,23.88522283286144,85.04906959773491
5.6045821572307,33.49932247746102,68.8032521081871
1.4345144498321665,25.02645146790985,59.217256042610614
3.1963860068943024,30.71962154324676,82.14581659241556
5.574363530231632,24.773355330722254,89.31210558746682
5.765333426685511,29.3926473145425,88.515292890196
0.8545060676786665,29.911171684271878,43.11649726906832
2.1591249307771587,25.94113724145703,78.09995737453693
4.219053382790054,31.826006385112613,76.83516935145946
1.407195146376989,32.624450778969404,41.14653918848664
2.016146708943437,32.26083916304794,55.070906196238624
0.23741725402769034,25.969578633576607,39.802322521721514
1.0057779174940735,30.932083108151847,41.2415594307526
3.4177440170646887,28.713889058430688,91.7733325195327
3.9532313911946786,29.11153989390414,89.86460850926012
3.9285798034654382,27.729101023101542,96.5003150891126
4.692326777591479,29.203133775626462,89.42495787699298
2.55016034105887,23.627849896428998,74.8168863240366
1.7135952258228178,26.906166797409462,73.82150514402178
0.19192613025089744,24.132061143855353,30.072416095523643
1.3191159737090827,25.36126637165711,58.51639805813578
1.9430880919920201,23.533774431065606,62.223879108955316
1.1514204532347467,24.54994726266424,51.268155925483285
0.2188523818299533,31.38315106945259,23.33792250322663
1.0289408911246305,28.59803754613204,52.908237601058815
4.029987366048677,22.28371742214682,77.36184362630475
3.8145539571883154,31.462293805625386,78.58098973299815
5.62053347244845,32.913620751153886,71.61462039446135
4.809192919244125,32.56515130939165,73.28727371492008
3.4497610893630286,31.87620259447986,76.59422754649667
0.9115824502099469,33.90659731361124,25.07998189886497
3.428023731658426,29.036823466455196,90.22324736101505
0.46341085939366655,33.551051542178854,17.823169785414834
2.6422208947240318,33.386130790017134,62.19099010239839
2.4025259107884533,25.75886476604127,82.09306909276717
2.624101475241356,32.36120507267045,66.74824515600896
1.7509729185292446,31.509671986705328,53.37303283439932
4.14639964098056,31.30958532881303,79.31399042169747
5.061572357062799,32.75536925550306,72.3742275735853
4.634250256333967,26.610280119043694,98.12934457140973
3.803737365166194,26.800659590648582,99.04316603511319
3.2762343160647784,29.680627710443638,87.13298698987055
0.28339666204737923,30.853654453772105,27.170391862841484
4.365310592282335,32.55684523189137,73.32714288692141
3.315399343513135,32.51014384791138,73.55130953002538
1.6973721989169328,30.656075492635118,56.39828161369009
2.0342680292353057,33.48271333385827,49.56833658218642
5.620080040171474,24.143543427354906,86.28900845130354
3.78373724619164,33.404078166161035,69.26042480242702
2.9078833644794173,22.77029778440346,77.85509665472496
3.7634382642796056,28.66746257430302,91.9961796433455
2.5410797174153763,23.082363484097467,72.01693907197537
2.874075411897796,28.816011702377637,88.76465206654326
1.8128246145752553,26.681316549468633,74.72681172895454
2.695134473490703,22.979313178028644,74.60339272435155
4.144994171383671,29.77740166029026,86.66847203060675
0.3356573580101684,30.774375995474102,28.596142381927677
4.790661703047314,24.090224963439777,86.03307982451093
1.7695792910817458,30.333240631705227,59.39203078944983
4.1271027812517485,24.148570589772795,86.31313883090942
3.892079356612354,23.648757391783317,83.91403548055992
3.9505054899337018,23.76835919829695,84.48812415182536
3.6879606059092374,29.188941627452017,89.49308018823032
5.758700844610256,31.345489697519238,79.14164945190765
3.0992305599028063,29.162724417685762,89.61892279510835
4.420682781540574,31.712217436218943,77.38135630614907
4.262151054284008,29.09772809284443,89.93090515434673
1.4939787059421494,31.56785496818184,47.95387027157015
1.7715044512022713,33.71827001359961,43.18239295876731
2.6017008791261107,26.691517695618696,90.55330252149196
1.7384177897329347,23.799306123122737,59.40502518564783
2.2637842836867623,23.62476174045949,69.0745420279408
2.406667622177005,29.169731159879177,77.71864287612006
3.6628009095362297,28.565236790264102,92.48686340673231
1.3973512521368638,24.21082454250437,54.55898284675825
4.845322008672455,32.58525955201208,73.190754150342
2.6814645049518773,33.48098042145026,62.52058407607629
4.266840258931157,25.038587717239622,90.58522104275019
0.5805106393208255,24.482595170812804,39.52666960631797
2.872795825333765,24.567062227690567,85.77781519959001
0.266495239846237,26.649058356296315,43.645384907147054
4.087868951711832,32.238726103587354,74.8541147027807
2.1278894542827107,29.151527319293415,72.23045795304583
5.700591603224389,22.81064118079204,79.8910776678018
2.0123328661483746,27.675749022064807,77.00306201705642
3.4264547983045888,23.083980196337112,81.20310494241814
1.6185866965982267,26.87456936810128,71.76966689885069
3.758664510789308,26.842241707639804,99.24276019667107
2.8555498657860845,29.780231988515748,83.7658837708461
2.286706742883234,28.593447603557212,78.08558636059007
1.3017671595730615,32.49705738806903,39.649467728729874
0.7579759294315863,22.195302191985668,32.09696911016293
0.8072868903443723,31.287985865135788,35.563405654235666
5.994336103282763,22.2719000914701,77.30512043905648
2.532633288457685,25.651477941716394,84.17975988939239
0.11138527645270281,32.55595765815476,15.559108769911207
5.722279864693484,30.28497006012546,84.2321437113978
0.21788155295589468,24.063960140393718,30.26463973300774
2.569658140771749,27.889414529343316,87.12397307458706
4.33311775722687,30.66285017173583,82.41831917566802
5.496135541793394,33.248119856074354,70.0090246908431
4.306029119449396,29.611854390618447,87.46309892503146
2.8353919539100696,22.29610493719513,74.12914277673801
5.84920803000621,27.996422316355403,95.21717288149406
0.33198435989629554,23.835539670049933,31.450277614165586
5.922663994974247,22.573354605699055,78.75210210735547
5.11141015507979,29.18212761617901,89.52578744234076
5.580687101045519,31.323062830125096,79.24929841539954
1.6031573021754664,22.432726665956853,50.14023404010222
0.9405026264771916,31.403071251586233,37.675310521929916
4.0135601482989305,30.476654557738105,83.3120581228571
3.1435706841181084,31.023842658020335,80.68555524150239
3.1866909683918387,24.936740472588404,90.09635426842434
5.555253153050984,26.72314546592115,98.67109823642153
3.7584773492542474,23.437009926486628,82.89764764713581
1.9352766271170807,24.866691402813597,68.46565127584688
2.4603926828654687,25.633476057729162,82.64853873440936
0.8876254270419225,25.833239674441433,52.15205897815733
1.234652837626567,24.10047865716174,50.7753543069077
0.9457654142362771,24.26454157685372,45.7851078536234
4.880718913146992,32.81764479750592,72.07530497197158
4.258753461035501,31.40672337778727,78.8477277866211
3.229035603904026,26.133732441897248,95.8419157211068
2.3087702184026675,33.37172247377153,55.59113649395003
4.044116312913668,24.86707255350789,89.76194825683787
4.896141551404989,26.881845441400607,99.43285811872292
5.299275972463083,31.762303737214847,77.14094206136873
3.3273957464173685,27.314636442443522,98.4897450762711
4.937322218736235,24.81550387489775,89.5144185995092
3.1167051251349007,26.42242561145786,97.22764293499773
2.8997275262085562,28.008652868496178,93.15301675538947
5.206047948170391,29.44773260392405,88.25088350116457
2.3796062239615177,26.86727799497828,86.9550588551261
2.4358848063401437,27.17565197343969,87.87456665429235
1.8989769371810055,25.167323353617103,69.1826908409822
3.1603401969382388,28.42416758100894,93.16399561115708
3.3146151987678185,24.633474805234556,88.64067906512587
3.9967207573316963,32.41031461729691,74.03048983697482
2.6399636296464664,30.968404843195618,73.75092934559038
1.3852400221132364,26.92334786097021,67.33687017492174
5.214368168241868,30.966734164394172,80.95967601090797
2.141405116704285,22.083951301712474,59.23106858230558
5.545366177057031,26.13387067170876,95.84257922420204
1.3233846648560892,27.283613777761463,65.10634716386677
3.40433910979376,27.637582090548367,96.93960596536783
3.2660290518237685,30.984777732524066,80.87306688388449
4.989022302769272,33.553689130740565,68.54229217244529
0.9192231818298956,26.559965565313636,56.27229835010337
5.468629320213022,26.207198194334495,96.19455133280559
3.235426215815214,29.326182718964752,88.83432294896919
3.558045365094762,25.375043370298947,92.20020817743494
3.109981130456826,23.69620400578227,84.1417792277549
0.3125469503339722,33.53849044590638,14.866184866328805
3.032834904658929,31.714359481708264,77.37107448780033
1.6549430097942444,33.50199463628954,41.8892859416951
2.121860264229206,24.613994544207,70.98437909677772
3.929699435204126,22.213710579636047,77.02581078225302
3.0364130638972253,27.247138908857277,98.81373323748508
0.6499874547380167,33.203307555898974,23.22387282644526
0.5309435210943777,23.659904066461106,34.586409940900865
1.1953804041424851,23.406226274015182,46.65749419812258
1.2262223647761197,22.827433410950103,44.49612766808289
3.6889744661310533,31.180215987183697,79.93496326151825
1.1491053378687026,31.43111840600247,41.7127384085622
5.3021445973211465,30.344512667961567,83.94633919378448
1.3375878976191378,22.639502141468032,45.82136823142931
0.6376755280156575,30.679460029782447,35.0921024173574
5.266901496521917,27.383545701540246,98.15898063260681
1.8424326988527249,23.894733063239258,61.943372680602934
2.6099935160190415,25.541512125815224,85.19912852429391
5.75825566567341,28.01376207919553,95.13394201986145
5.671778393030865,25.955817667236172,94.98792480273363
4.318009646663015,33.63699072089911,68.14244453968429
0.5067398152220728,27.69690090048639,46.78967198210678
3.6007067399272454,26.46580612302572,97.43586939052346
5.935559816749321,30.077985147616438,85.2256712914411
5.686805747701485,29.806540682270978,86.52860472509931
0.725414705867663,22.02927136486321,30.648796668696665
2.4362070882331754,29.421684379608916,77.10005674254072
1.9616668008267522,24.925227697228404,69.27442896323139
0.8653958307389428,26.502803699055058,54.92137437024313
4.199310036367689,30.47618668881813,83.31430389367297
1.715705349725397,28.68863465212835,66.20866066429186
2.134708238439257,26.423861729861162,79.92870107211871
0.633117372538366,24.00892422204549,38.305183716585674
3.0380085967941275,28.06578624697304,94.88422601452942
1.0331903955471333,25.83239228208644,55.05929086495756
2.649333499118986,32.9551337008969,64.40202821807459
0.9457191104094789,28.41215968346861,52.136015727540254
5.72771435070586,32.39156793004495,74.12047393578425
0.9553969458631414,26.682172341802136,57.582366157913086
3.1791342077187363,31.929245965455525,76.33961936581348
1.2621809693820265,22.678442826064945,44.500144952752265
0.5505346404883945,25.57742830681618,44.18234868248556
1.2936208511683793,22.938111196536394,46.37535076674227
0.423167233603573,22.379802168578486,26.286395081248195
0.922444560413834,33.02634694387743,29.52242587766503
3.0115565308029804,30.602424932796158,82.70836032257844
3.9457115742396884,29.501320773621647,87.99366028661609
0.6153049089235224,28.389913712941997,45.634512356348864
2.7020098810351842,28.8346484346021,85.2338851346136
3.5293574348347767,29.664284576637442,87.21143403214028
1.481931489645263,31.918957536881237,46.02763361587532
2.29526262794455,29.16266266954634,75.52447174506857
0.523825731428291,30.982969157330587,31.35826267337901
1.39877337337526,25.37173662195682,60.159803252897945
2.8538422629217464,33.721140853797664,64.81536916020613
5.943608855659401,22.382766501244348,77.83727920597286
5.977963871340887,26.638919143327787,98.26681188797338
5.8797679186332985,32.58459461804445,73.19394583338665
2.596209679171933,24.166275552234282,78.32231623416321
0.5760142326465236,23.696057115203896,35.661358805909174
2.009083279771068,26.385169202798963,77.23047776885639
1.5025148146887661,27.13833640620193,69.38628154400607
0.18334679196814205,33.20072872794073,13.903437945247347
0.6618783007014148,32.033434416505855,29.07708081480019
2.77383241678949,27.56907565228617,92.74508520481619
2.1040085364453525,33.675701210579234,50.03680491812672
1.16408695764345,29.70734084990877,50.2865030733069
4.324989826886608,32.48390478378269,73.67725703784308
2.2069820157900497,24.952683765841904,74.31252239184214
5.1260203489046114,27.867568891599795,95.83566932032099
1.5217652455523925,22.3566065602772,48.147016400378405
3.276521591511086,22.106562319197387,76.51149913214746
1.1864213811801767,30.465438651273573,47.09432209749039
3.022273636676468,23.419523469587208,82.8137126540186
0.9995524029724786,28.57369884532981,52.43729360186648
1.0533138837919795,30.35208978652024,44.97624670054245
3.712117924547893,22.38681503475567,77.85671216682722
1.6563376488370238,27.384896789748183,71.2792483859492
1.1169666367290592,30.209823243830076,46.93218116419682
5.585632675796932,32.6767718542582,72.75149509956064
0.3537191793663014,25.590761207219877,40.31003738198144
3.4343738649057345,33.690598356211964,67.88512789018257
3.3347566668162654,32.13449799591637,75.35440961960143
1.5785923589780528,29.80762086498225,58.09526702764626
2.7713532961656253,26.703106086953575,94.00197514068967
0.6176529201875492,30.533324514393982,35.393100734659875
4.355493860950925,31.79431922884424,76.98726770154764
1.408013175423257,25.639598498638687,61.63033630193084
1.2409736229766801,33.91396077888435,31.632460720888716
1.957783021837268,32.90343243705567,50.81918473887815
5.4239825295525375,27.82601728411507,96.03511703624767
4.799153224872901,30.673958989304744,82.36499685133722
5.68666451768917,28.28810673542538,93.81708766995817
3.9465778415952046,31.131166626364315,80.17040019345129
4.0112369150893175,31.92378644653578,76.36582505662827
2.9321828966146803,22.27867066188451,75.98127710933926
5.440599307865155,22.94958435640779,80.55800491075739
3.1141751806949416,26.037608990520724,95.38052315449949
2.194854417690646,33.01136359158819,55.0425431141896
3.8782125585142246,26.779282997720678,98.94055838905925
3.3222230110656845,32.65014658242309,72.87929640436917
0.8317169103283834,27.549206951581034,53.9981448389787
2.4170799420833347,25.46623504373888,80.97952705161332
1.9486199254574321,32.80774219674994,51.09523596474892
5.096319272565678,28.72804922702413,91.70536371028417
2.335171086141342,26.325811540360498,83.46731711655721
4.947175872569466,22.5328840435338,78.55784340896224
2.7100986040155792,23.331197589378686,76.59172050932928
4.545653324329099,23.671723931698367,84.02427487215216
0.8981633782160205,26.378035484927274,54.977837891971326
5.555436295984928,29.287995468932127,89.0176217491258
2.935303355713618,25.69108137306316,92.42325770497553
1.6328096491952078,22.7863316051776,52.43058468875664
1.5247886775523607,25.177704847808005,61.74875682052564
1.6639560025923346,26.90417981079532,72.81918314366422
2.2636726202160093,33.90723914406795,52.118704512794025
4.333365242786138,26.715842857011264,98.63604571365407
5.702657953114682,23.070345024969328,81.13765611985278
4.04732083772943,28.9733777736872,90.52778668630144
3.328280998570195,33.035680871515474,71.02873181672572
2.746727067301095,31.440348386341,73.62086909158509
4.986347355521937,32.034619710246844,75.83382539081515
5.112977494431813,33.138781553227965,70.53384854450577
1.82892227915363,29.638522040626455,63.91353978806562
5.725179467055238,33.939072767841985,66.69245071435847
2.4311806429176546,22.39937883855581,66.54063128342096
4.820460608230014,32.01807611372275,75.9132346541308
5.804237280685177,32.28412803426714,74.63618543551772
4.2515827950481055,33.00040468914358,71.19805749211082
1.053149286062043,27.73803349163019,57.52042496141594
3.5582080355261922,31.4530710834472,78.62525879945345
0.8007850262639127,24.34096478945416,43.25233151465821
4.755938035226665,29.237562702138572,89.25969902973486
1.7597595258559096,26.303741828361538,71.85315129325357
4.201767456054109,29.154083807943707,89.66039772187021
5.469529077368174,30.106726085899602,85.0877147876819
1.1679581189540174,26.164824000954148,59.35031758366026
2.417861247746884,24.594859591634464,76.81255099478311
3.9180008496340415,25.860254906312015,94.52922355029767
2.575985697576057,29.96748694128931,77.27577663333246
1.13143175558582,30.122490804073728,47.640679252162506
0.27152252359590234,30.895803232289186,26.730594956929956
2.4989290478415813,23.518439302872473,73.26708961061951
3.9303332568333307,31.82220868305354,76.85339832134301
3.4865068280996834,30.257773618491466,84.36268663124096
1.0218233145877904,22.36606092028767,38.193558709136624
2.7590913188175814,26.02717419322061,90.51226250381055
2.279879172469392,27.600535070877726,82.71501510917474
1.7177941735310593,26.327409884641778,71.12745091690172
4.402700338776296,23.409002658500956,82.76321276080459
1.9269469771603878,24.488155414060085,66.48208553069617
3.2868375187648726,22.29473673892159,77.41473634682363
5.547018858090738,23.116925936230754,81.36124449390762
3.2817282952961366,25.195601412694536,91.33888678093378
3.740435169947309,31.839643187628766,76.76971269938193
0.5321513183885533,28.319650119246404,44.30870579538833
1.1509914480762444,27.093974688293272,62.56875045771718
0.6956120758588695,29.94595532750259,39.771655945164966
4.612396395299457,28.498126723900064,92.8089917252797
5.03193437740937,23.578167121067516,83.57520218112407
1.2000862298480084,24.671480365890275,52.824830353233494
1.3937033304462372,24.670268331887293,56.69135460198375
2.006923008007419,29.199430151348107,69.58119543367746
3.5873579400276294,27.53949239427216,97.41043650749364
3.7685975434201153,26.651020750730243,98.32489960350517
4.151848355394599,28.679670074581455,91.93758364200902
5.44063726165943,33.641389429390685,68.12133073892471
1.8407368289295754,25.77032147267052,70.91227964741
3.9866780363199767,28.242345203602206,94.03674302270942
3.402364790088384,27.764440187729388,96.33068709889895
1.9044397184341462,30.599716380950138,60.810155740122255
5.453749600902673,30.76348321579499,81.93528056418404
0.6633521305593832,30.748848656956486,35.27256905779653
4.300806058309104,24.418234959264936,87.60752780447169
4.394454906833351,27.389117636334255,98.13223534559557
5.5004265133707735,31.73409629234965,77.27633779672168
3.1596254948729863,26.578362046487726,97.97613782314109
1.997571795493551,33.811061407479144,47.258341153971124
4.983669952174121,26.37744090150639,97.01171632723067
4.647780662811116,27.97200192810362,95.33439074510264
3.0518621250748756,27.694307137630563,96.6673257393733
4.630358516239485,27.20396562963091,99.02096497777163
1.680466052255839,32.14757641983546,48.900954229906574
3.578087349380461,23.86330285057616,84.94385368276558
5.204582383248465,28.811976476967796,91.30251291055458
1.976108577237424,29.423218928265083,67.89072068907609
2.952944896341385,32.21465569683245,74.02855058203194
5.711164639620048,29.310401919113303,88.91007078825615
4.809449867633246,33.520244173453364,68.70282796742386
5.333530219950261,32.46601254713114,73.76313977377052
2.372957659253634,26.18487938023278,83.54657421019002
5.979381031843897,32.318877343490016,74.46938875124792
1.0001370676344967,33.50173376912147,28.79441926090687
3.160746440976223,25.086366171095037,90.81455762125617
2.9277129555478716,29.322505679972902,87.4062318470875
4.810749925720794,25.381646948105626,92.231905350907
5.460844857838571,29.79480734898661,86.58492472486428
4.413722323757552,23.123713654564263,81.39382554190846
3.798215793168787,30.81025626242869,81.71076994034229
2.6218322260061724,27.037837943144112,92.25502239303171
3.1109229107468317,29.047686144117243,90.17110650823723
3.104871848026449,22.310348830281978,77.4896743853535
0.22017399473782823,30.345297462523938,28.346052074641666
3.0679702484832987,27.95189624962292,95.43089800181
5.150227721027337,29.503012092254103,87.9855419571803
4.284716665739264,25.788015668514088,94.18247520886763
4.794680870537529,23.749842081056972,84.39924198907346
2.403861439634274,27.225147303953705,86.99652173370771
3.2209420977864527,33.32774945543636,69.62680261390547
0.2975530570828928,24.733528319845664,35.07199707691705
2.3596878587991275,30.110068144423018,72.26543008275206
2.8990546648666,22.598122528414496,76.85208143372158
1.605732507634582,30.61719742320314,54.75210252131657
0.2843217760448339,24.861246241617916,35.42041748066268
4.173407841795817,27.418204722751987,97.99261733079047
2.667017730008175,26.41303720713729,90.5229331944225
2.552501339362182,23.354084119808267,73.54963056232332
1.5749218487682026,26.146983430141308,67.40395744004233
3.2731993540883013,26.201499499518228,96.1671975976875
2.684358009497316,28.26526766835702,87.61387538183263
2.896508390871637,33.66821839527985,65.92271952008946
3.5271409557746543,27.640210270127564,96.9269907033877
0.13731541871443864,32.97311386759161,14.07536180984906
5.455405830876693,27.538691902750664,97.41427886679682
0.5194156419759794,23.290519610499274,32.582806969916106
2.760456009164368,24.761834743311283,84.46592695118152
1.3234999639123506,26.890212112691202,65.94301741916479
3.1903159792822646,25.904425275642218,94.74124132308265
1.7533576419031134,32.3899514503899,49.19538587619074
5.174038338569363,30.143747226358617,84.91001331347864
2.4385230203782795,28.939701423024083,79.45989357705
3.868657779033781,27.894754614840288,95.70517784876662
1.568390396072486,26.767247419468802,70.25059553489999
0.2144962879147033,29.346309277984137,33.027641223970214
2.484511760118329,23.495285985332572,72.86760793196292
3.265270288393912,23.950398258602867,85.36191164129376
2.8113281924443267,25.6373962407604,89.68606580453645
5.775884746531274,24.054215397532893,85.86023390815788
4.270351125691567,30.125184628297802,84.99911378417055
5.974451823689832,22.297219856874943,77.42665531299973
1.8408545328524348,23.922129900001,62.043314177053496
4.755414349682164,32.831297313985644,72.00977289286891
3.377794958525022,33.97051777866504,66.5415146624078
3.709386091246147,27.85108573393712,95.91478847710184
5.916533882609733,27.944440876261098,95.46668379394674
3.9585244785315905,31.280785146849258,79.45223129512357
5.4030196647878155,22.4342749314469,78.08451967094513
4.381926384843558,27.12425778281174,99.40356264250366
0.8515781181760254,23.197934581779517,38.78164835606219
4.226599890901644,26.81111659187783,99.09335964101359
2.9574619732443437,33.805862093546494,66.48110141586369
5.52090815859582,31.043599369640333,80.5907230257264
4.860323238423685,33.82055050822262,67.26135756053144
0.7143946568826288,30.95258350804722,35.31549229902593
0.8901022975559949,29.29732086167906,46.77490581506041
0.5107049106117729,31.05064999512692,30.770978235626238
3.010144760993243,29.909100075651814,86.0363196368713
0.5765533793233829,27.5687923588229,48.800864264117735
4.369702185790695,25.51055600806252,92.8506688387001
3.3589156305575534,28.24213671201226,94.03774378234115
5.03172160356354,25.101921686817168,90.8892240967224
1.7507951531607662,27.840116157305744,70.98334550814775
3.1629306265507307,23.75362487105303,84.41739938105455
0.7931301468722117,28.784741187640492,47.29584523676987
5.319199015636655,24.943404289745256,90.12834059077723
1.1325292775100462,25.523297247298835,55.56241233723533
0.7039372829673896,27.98833770138866,49.33472469268223
1.3097985312867817,23.95031503625897,51.5574827997787
4.85676578346559,33.54855860363103,68.56691870257106
0.7243057133396286,27.363331784714514,52.742121700162905
3.725122219545179,26.227350755521012,96.29128362650087
4.502469673629241,22.35035926111097,77.68172445333266
4.5313788468489395,32.119052357346796,75.42854868473538
1.221359230987974,29.51000698367661,52.37915109811175
0.4635815904279109,26.996861858095567,49.25656872741694
2.747957664256084,24.94639359206171,85.1018425270179
1.294663536942822,30.94164902410462,46.97335542315427
4.225697773182234,33.34569490890001,69.54066443727996
2.2044875179669843,26.569716467824243,82.02438940489606
2.7511882520954796,23.618512820550777,78.79262658055332
0.7695611053000997,23.31033696727285,37.68083954891168
3.4485466906343314,22.07634366800663,76.36644960643181
1.1945927188282532,30.927465289260663,45.04002098811388
4.106015399398129,33.77674463082005,67.47162577206377
0.5198960530325728,33.913813033042814,17.211618502045948
5.857778094459808,31.410367052115106,78.83023814984749
4.138709173656289,23.946205339552524,85.34178562985211
1.1722044500903646,33.73251347095746,31.1280243412115
0.1831584082249492,25.93376131602341,38.54522248141136
2.0733310640107905,26.003435313910522,76.68311078698632
1.0015982579080238,30.248043434709267,44.441356671555994
1.3886268654053213,22.588590244893417,46.59777048359483
5.2492265247835475,31.90923675889071,76.43566355732459
3.658907494300012,33.967567317852925,66.55567687430596
1.1411001528705071,31.30083733707901,42.177983839430894
3.3842904640559484,31.380117894488,78.97543410645761
1.6091058552074602,26.68376404679861,70.66418452878253
5.859585099712726,22.791056668187885,79.79707200730185
0.29326765855580206,31.51200921081308,24.20770895921326
4.420678690790109,29.16589704285761,89.60369419428348
4.660682454529421,32.91206426946501,71.62209150656794
0.4962603073504316,23.39155480200199,32.60466919661819
1.1140292489649744,25.6614767571293,55.85567341352012
2.36740928871335,26.32787384468064,84.12198022873406
5.2221134765215,30.199356502536297,84.64308878782577
3.2682996366691466,31.45294195723786,78.62587860525826
3.966310415043014,33.532244903013044,68.64522446553738
4.719775729195372,25.544885899889852,93.0154523194713
4.985924451191368,27.923636902770966,95.56654286669936
2.9100788041937187,22.34753116097558,75.86972565655716
3.10187951876354,25.035854537306655,90.57210177907194
4.336234556817899,26.488042097435684,97.54260206769129
1.653719916540196,29.125674478305378,62.87116083493811
5.141489444556594,27.650145923190088,96.87929956868757
0.22264226440746526,26.37370071732397,41.446608731304366
1.2550524530373757,29.4889355983521,53.15415818865743
4.821179663915369,31.943388125404006,76.27173699806077
2.1075234501667666,24.90017359581747,72.07130226325918
0.9840137128846052,26.114510551124948,55.42992490309185
1.2018530586972798,30.45908379624424,47.43345895197325
3.2314627714228106,31.335287185102363,79.19062151150865
5.092471023135428,31.904762460815768,76.45714018808431
0.5168392230495525,24.511974626764342,38.39426266945989
0.27983736383543145,28.47120353493299,38.53497030903028
2.844492001437375,32.80013318230341,69.04920075369111
5.7415057488164445,26.7034054610979,98.57634621326993
1.746157840143346,27.158597082658666,74.16189080610533
5.759106180495585,33.81787532680823,67.27419843132051
5.337318941881008,23.356631752390065,82.51183241147231
1.7704969506863157,30.46722387353963,58.76726442073608
4.9199935791112654,32.2022095244907,75.02939428244466
4.146617085156031,23.80952219960821,84.6857065581194
3.1197520945380677,30.57343883208685,82.84749360598312
2.595205243952961,27.636858664125306,88.84718329125775
4.911466259960195,32.23469061609572,74.87348504274055
4.779168652900625,32.88942780203087,71.73074655025181
4.565924382061099,32.46981883785488,73.74486957829657
5.989710112170245,22.772621650948153,79.70858392455114
2.923223519554165,31.082263321779692,78.86960644654077
4.860845569137504,33.058330899829954,70.92001168081622
5.188622365202523,29.45618128805117,88.21032981735439
1.3484552305767354,29.210512725741882,56.35864352797367
0.34819200811305984,22.54006464877733,25.55615047639239
2.4880155729126203,32.27239626647126,64.45280937919034
5.1547464381769785,22.55684272994994,78.6728451037597
1.8057093590476105,25.762115276616086,70.17234050870942
4.230059908997802,33.11035678344659,70.67028743945636
0.14335402047914983,33.39694171275414,12.161760188363116
2.1966501506894027,33.90280648571107,50.79953188237493
3.7315484990730923,27.716827427354634,96.55922834869776
0.8655674214267877,24.12915455657213,43.53129030008197
5.38998078166986,27.855333841949005,95.89439755864478
1.0220164649907677,23.22775510099659,42.333553784598976
5.4677819155235685,32.47043330763964,73.74192012332973
1.3766969212295508,28.726446799198058,59.246993788440335
5.96624417610346,26.854070790001064,99.2995397920051
3.6680174084439865,22.95436842976965,80.58096846289433
0.5976348771860366,26.862888121799564,51.294560528358645
0.4851356834240932,32.39429930068131,23.81007702521157
0.5420380079308658,30.44087118972655,34.32457844792987
3.5803672090166163,22.9894662101316,80.74943780863168
4.876517293731573,23.91888639671411,85.21065470422774
2.477480176445984,26.707701888490057,88.14657259367195
2.724530979762985,23.216500992231023,76.3298243579686
3.5767974516213057,33.20849430391925,70.1992273411876
3.244939568239499,29.82750453557051,86.42797822926154
4.159564225297494,23.13787601564734,81.46180487510723
2.883535748961857,31.456689548565528,76.27860514612262
4.311778041877998,26.420871142863312,97.2201814857439
5.984133381025141,24.93844773463865,90.10454912626552
2.166757269267713,28.839819303276293,74.50401272962804
0.17207123120056977,22.160465597446496,20.211659491754578
0.8411877687547632,27.58477192125106,54.016850153090175
3.365733691423028,32.12565991714203,75.39683239771826
2.131120944153447,33.136691151826824,53.16630135430019
5.6458973028594555,26.110656452997276,95.73115097438694
3.80193193163356,29.709239057980533,86.99565252169344
3.170095597196261,24.721881260426002,89.06503005004481
4.80843305750491,28.72255685181651,91.73172711128075
1.6256802391896614,25.048332713838267,63.14560181021691
4.936457387665922,28.856278103529434,91.08986510305871
0.11806051869814838,24.060665407518773,28.25240433005308
3.7560964366007346,33.294790681128916,69.7850047305812
5.615067191170096,32.6430097168875,72.91355335894
4.748373716999833,26.043018993386077,95.40649116825318
5.13644173366942,31.31995466709931,79.2642175979233
2.4420327015118533,23.146049568786335,70.34169196041148
4.963009781990745,30.884330904465088,81.35521165856758
3.349906823678573,25.38950955535245,92.26964586569176
3.7493873953688737,23.627701224110346,83.81296587572966
0.4476005020812407,30.138294614843364,33.888195890376664
1.2891550133289138,27.63768181383267,62.72222756018145
3.3506900515299605,28.361675220765328,93.46395894032642
0.4469262411586361,28.24635740965505,42.95600925682848
4.474536158867508,22.713375785272234,79.42420376930673
5.056336350279219,22.616562989112126,78.95950234773821
5.530137931639349,29.214010047377165,89.37275177258961
0.700433909160855,29.486375708265,42.0740747835451
5.64434946333452,22.566094678181376,78.7172544552706
0.49895804501284047,26.54127198265381,47.777266416995104
2.8969316739741107,29.354215354725127,86.63839977680159
5.057481021704089,29.880167869036917,86.1751942286228
0.5148357175302867,31.939309111318618,26.58803061627637
0.20756333063500343,27.04878740316257,43.91708707751973
0.2471915403692391,28.579093373763627,37.36418261331937
3.116494412672598,28.942724507305805,90.67492236493214
4.888420793120312,25.744543399603828,93.97380831809838
0.8518173593283379,22.64590482929934,36.13669036720359
0.8352004990692897,22.050711114461254,32.947423330799815
3.454426444793771,32.0335049934223,75.83917603157298
1.48234404479035,24.402781870268637,57.180233873096455
4.408261037354755,29.563055969909627,87.69733134443379
5.702848790242824,28.924569743727034,90.76206523011024
4.619597098942437,26.795596920886226,99.01886522025389
5.275334661635607,32.001919704407605,75.9907854188435
3.165557739672855,30.380819148320548,83.77206808806137
5.010683894883447,22.272897561270074,77.30990829409636
1.179128785521426,31.320328880280215,42.84499708508349
0.5032525533342016,28.083985816021148,44.86191914978253
3.970123349735647,26.16423146899416,95.98831105117196
0.40651977217253,30.722615878140132,30.261839228377966
5.365640372924115,30.23278755575523,84.4826197323749
4.180169467933769,25.72705885442739,93.88988250125148
5.717984279912581,33.796466457974574,67.37696100172204
1.9519312722480906,29.78450184054104,65.67301661036481
2.9683340242895633,29.269356549446723,88.473769048447
4.475973153766202,22.838564361781266,80.02510893655008
1.5323960142188415,25.35182536413685,62.736682032233716
3.296908038658835,27.3636880279173,98.25429746599697
3.990856922532321,29.567508451716115,87.67595943176265
5.874971061237543,28.153163568764533,94.46481486993025
4.49374943603007,31.156395201656693,80.04930303204787
0.7969720166465366,25.150812549614823,47.06334057108188
2.904467363161531,30.425883943389813,81.64510433495951
3.5737476196384756,31.79916456269395,76.96401009906904
0.9650765428996811,31.180599706995437,39.23465226441553
2.6485997361883626,31.2501590150564,72.57123145149652
1.775634316381356,32.662084687145985,48.33467982932639
0.8010824993459532,23.010142509765874,36.87033403379526
3.1210474074343817,30.366298856489237,83.84176548885166
1.077235177972838,33.62413841339753,29.74883917514861
3.584170710655768,28.88380779849446,90.9577225672266
1.1012119002270062,24.607795743812712,50.54165757484114
4.369210049256644,33.98504566929056,66.47178078740532
1.2519255758750556,24.09612751385775,51.099923584018306
5.388082094579282,26.02669236849831,95.32812336879189
0.2546352036379722,24.064746261006015,31.003486125588314
3.1797845835698424,27.57415442500082,97.24405875999607
1.9886181187306269,27.0265121153315,79.64510422102134
1.427951502070086,27.894890758126873,64.26355440239273
2.8824563970743737,33.13580080066515,68.19728409829474
5.067915264313139,27.7398926300107,96.44851537594863
5.500135512607227,28.17551591456373,94.3575236100941
1.8891668470722902,32.640185271021615,50.71044764054206
1.0100373703609205,31.813095928177987,37.09788695196407
4.348828640641212,24.87666437470533,89.80798899858559
3.533792480190331,22.155111462746202,76.74453502118178
1.2859952771976035,29.553995106424615,53.46072903311392
4.585745149715875,32.13819788605024,75.33665014695883
3.161689567928633,28.6342013513248,92.15583351364096
3.9550316770937046,24.534123040154142,88.16379059273989
2.2201003003839936,30.89626108810368,65.6999527847822
2.6906756116840187,30.034471391335238,79.24804955527124
1.164018380412159,28.780390448902637,54.73449345351053
4.563443619107511,32.36003408825181,74.27183637639132
1.026366812495572,31.410908235268394,39.354976720623156
4.691985309031262,30.015425097073365,85.52595953404784
4.808246343819057,29.97710402827862,85.70990066426262
4.504945687925217,29.9464316115793,85.85712826441936
0.21459444954656853,28.301976938998767,38.042399683737294
1.7114859543793741,27.567059735726165,71.50783235610189
2.863192682471701,30.515205513984636,80.39086718230777
3.6137118344290955,29.325933777642774,88.83551786731468
5.523410386277396,27.879766747606517,95.77711961148873
2.3160752355593437,23.5199362469325,69.61719869646288
5.262637580766329,30.423145463837987,83.56890177357766
1.0642328000073358,29.751982846935583,48.07513833485592
2.290554876300899,26.106981111682042,81.52460686209179
0.4084638638458057,26.27587799458092,44.693491650904534
4.480686817228171,24.960668609623028,90.21120932619053
0.9888512688541865,33.542983076380224,28.37070661045865
1.616418092325901,32.322416354424675,46.78076334527958
4.6738761879399675,28.7325883529466,91.68357590585632
3.254828632793989,26.81983775870217,99.13522124177042
0.18243904456892915,30.841903164357078,25.20764570246461
0.1131877080096431,28.332738113511965,35.86661121533543
3.112897727265393,33.71021240698137,67.79098044648943
1.8992375311202496,22.661471367065854,57.15981318432109
1.1638375313715452,22.411428808641702,41.251608908911074
3.7202042325250546,28.82333221568048,91.2480053647337
1.44777518313282,24.43935067226688,56.664386889537425
3.594022183141193,29.251649962602308,89.19208017950892
2.33766910845901,31.377076342566127,65.74341572486279
1.2018026842517595,23.657317134218474,47.99117592928387
0.9148179534256171,27.287298690274334,56.917325355195544
1.4974775584509998,30.264005001392263,54.28232716233713
0.276009437276612,32.00636284807565,21.489647074769103
1.917949076013984,27.956129080436288,73.7695619341855
5.421532672072586,24.47384304287226,87.87444660578686
5.005036542709867,29.029591067027596,90.25796287826753
2.294822164645988,27.454204824699993,83.7162601343598
3.497418349632643,31.26310512405383,79.53709540454162
3.4474272981829452,28.666912770435374,91.99881870191021
4.989551481242902,25.35307413964517,92.09475587029681
1.4941115989500973,31.052715036654256,50.42919980306152
1.8486861838787731,28.212964155543517,71.15149573096659
1.8805340590991082,24.13055862733993,63.837362593213825
0.3411329396528786,28.756867877703932,38.3896929800787
1.956658393406234,33.379840718150476,48.5099324210024
5.279691281869241,30.46619513125283,83.36226336998641
5.480727120671737,25.585640337495747,93.21107361997959
0.7468485400344473,30.530478103514298,37.99067590382032
2.8025453955487456,25.39127573202615,88.32903142470042
2.349958519367071,28.512266050495143,79.74029334496474
2.987219260077989,28.319149165450632,93.41246920739674
3.3728451919461957,24.968690546941644,90.2497146253199
0.21952668410470183,26.174574398557816,40.428490795171555
5.069229262734848,33.30617745743255,69.73034820432378
5.844618031722697,25.007182436985204,90.43447569752898
3.9550883908214898,31.61232452357183,77.86084228685522
3.996668207110879,30.00844696014568,85.55945459130074
3.21508116120118,28.391549590309175,93.32056196651595
2.0722131291148522,23.65017843358196,65.36511906349045
0.9789691626591746,24.454849032476535,47.36265860907086
3.545973721906699,24.147731483084847,86.30911111880727
0.36515428070432165,29.041531107685028,37.5037362971983
4.964565149382056,33.68059836062174,67.93312786901566
2.5833790268766315,32.526871153299936,65.13859900169294
2.5470499225556518,22.30302259515493,68.39550690785669
2.030308065007844,25.28471949354816,72.37281486918805
5.81918794332166,23.887089507244266,85.05802963477248
1.1320100213472413,33.70813410277482,30.441156733625686
0.9927161467037459,24.82732281517378,49.42547244690906
1.076635859115678,24.415758220465527,49.12835664054809
3.985312148819508,29.450503522987113,88.23758308966185
5.95218238050463,28.674239002897437,91.9636527860923
1.489303505370353,24.710217805374818,58.79511557320618
5.443142642698178,30.044378374446907,85.38698380265484
1.7438376993282174,23.16408653553627,56.464369357138445
3.9226095287392715,22.232428792370705,77.11565820337938
0.33894381640686955,22.988977488476163,27.525968272822972
3.0243584499995153,26.378418711709273,97.01640981620451
3.961962801045993,33.70019593449781,67.8390595144105
3.264286685613509,28.566963985712366,92.47857286858064
1.5032287708025678,31.056713236185608,50.59235188236043
4.9881319947807015,25.857949026778712,94.51815532853783
5.823805416305618,30.63206878579995,82.56606982816024
2.8092569645831857,33.59417437746829,64.53310227981592
3.851923664616597,26.29313068338464,96.60702728024627
4.763438283238878,33.9887132168203,66.45417655926255
1.5247854576685846,29.660919412379993,57.72329597394773
5.200257253379834,30.983096949576684,80.88113464203192
1.7531853413289855,25.0260068661778,65.58853978423313
4.677401740739909,29.7170892301269,86.95797169539088
0.7613854713158902,28.13207501754865,49.793749342084276
1.8014815501436015,33.47683174572923,44.94083862337173
3.24835761024522,32.85610057347419,71.8907172473239
3.1970403646554595,26.760071187100927,98.84834169808445
5.117543988469561,33.3624370184588,69.46030231139777
5.9771508200677825,32.617750633000114,73.03479696159945
0.7325439905748297,29.08460620442967,44.644770030234184
1.7011899836677187,22.985414905474485,54.7537912196319
2.2098294403161476,23.929482887914453,69.45810666831233
2.92561860607903,22.9224909360856,78.94032861479148
3.0140674846109548,23.295917375788733,82.22040340378592
5.151550872575658,33.723428492716934,67.72754323495872
4.646299886432089,24.546007590593828,88.22083643485037
0.21122431632392458,30.290254988087955,28.431262383656307
2.784628387440809,29.638339092193235,83.02854010628865
3.746635645640124,29.573738378236044,87.646055784467
2.8163339638488383,24.480447995152357,84.23282965370808
0.8708070105516437,28.952159132615314,48.04577637447937
2.4450970937748244,29.506460195019418,76.87093293940329
2.528768601265443,28.844863799741333,81.72002578655047
1.2075239424535769,24.233949607308144,50.87343696415063
4.562211975378625,30.676727164896505,82.35170960849678
1.9962640128406133,22.878917942998132,60.144086383203295
3.575025014354836,29.094400141835465,89.94687931918978
3.1428080676567287,27.23511198881576,98.87146245368436
5.2768197673766934,25.003439117596884,90.41650776446504
0.8198880979907452,31.688667868313665,33.89215619190931
0.7741517486954148,24.110710800066208,41.6144468142261
1.8718860478257933,33.195781118775415,47.69797158639388
2.644168311942427,32.61478033985424,65.93242060754818
1.8613992676376234,26.327050565944994,73.99782806928843
4.602803786131938,25.66183517030312,93.57680881745497
1.5470684743448682,23.649840201026826,54.860602451826125
0.6001709823562439,32.99593379120747,23.222937449329024
2.541418878316471,29.530382305879264,78.68254249810894
4.662937800017056,22.38140298572084,77.83073433146004
5.118315467161774,28.131992974739326,94.56643372125123
4.4267346053437695,23.029587373952644,80.94201939497269
3.39153140314849,28.885008219434102,90.95196054671631
4.372731040320143,28.10754061984975,94.68380502472121
4.120198258292782,22.994152546032666,80.7719322209568
1.4827631317208592,31.790327117401276,46.66169247089106
3.349477463998843,25.14780612599533,91.10946940477758
4.646595062566749,28.49781237000039,92.81050062399814
1.9710119050633157,29.66846651956641,66.61159880734755
3.9584415656298955,33.547654402902,68.57125886607041
2.9407345223609114,27.92574031455815,94.3711369373391
3.068637220575618,33.00778926745508,71.1626115162156
0.6313247229147424,26.258288096172386,49.06627731992231
4.030681275301741,32.28924641979994,74.6116171849603
5.207553508591668,24.829914723417,89.58359067240161
0.9344445993525905,30.489757149225014,41.93805767077175
2.2600234070770515,23.063343925059957,66.30451898182883
0.38713798356092655,33.83260428020391,14.946259126239765
0.2748281272607075,33.44723679834841,14.549825913141767
5.938985130363288,27.306563662208532,98.52849442139905
3.0114818990076695,28.287222615883042,93.82133144376141
2.1975622099479537,29.173298347816264,73.51941212944101
1.7217747520876119,25.30045071627604,66.27765847987722
5.882074605175259,30.09365722246195,85.15044533218264
1.5882796345779338,30.382743359254192,55.52842456713856
4.381679534852685,28.300917907903308,93.75559404206413
1.7741727652550097,23.772888309822612,59.993319192248734
0.5158880816058228,33.0302313266992,21.37265126396029
4.131332025655854,23.380540988147384,82.62659674310744
0.10962200101620276,29.55006602452614,29.95212310259859
4.08691621820736,23.23706315931706,81.93790316472189
1.5772219340399565,23.753208509595073,55.959839526855475
4.502014969221857,22.246459768345947,77.18300688806055
4.641525987368832,26.360369006281115,96.92977123014936
4.372232709023473,29.674990773064454,87.16004428929062
0.2444523046589013,28.258530636794465,38.8480990365646
4.252046055898234,30.094469814981828,85.14654488808722
5.941859122929003,30.100226330451434,85.11891361383312
1.5314896743011752,23.682084927930863,54.70380114009164
1.7180075761294975,22.688048841060585,53.662785959680754
4.899806642525183,29.504297685216038,87.97937111096302
1.0463411498308754,29.83869165970291,47.301103030043535
3.9974436854768545,28.680444821700455,91.93386485583781
4.554655627253413,24.949149595888848,90.15591806026647
0.3192479047342074,31.729182603787045,23.684881596506333
3.367196356164835,22.908232185955086,80.35951449258441
3.4976758253617093,29.58774147185631,87.5788409350897
1.890313094611586,23.444938430552465,60.74196635888356
5.270433549445351,29.853372597198756,86.30381153344597
1.0602233438691526,27.012709453881957,61.14346149874966
2.2487487860845774,30.617236665252058,67.61223972848167
5.107145254169243,22.626306429723215,79.00627086267143
1.224792263975356,28.660995861764416,56.523065143037925
4.946107404333282,23.738534786560955,84.34496697549258
0.5665081464709387,30.188579579325683,36.0249809486555
2.9864514964209414,23.43946757574019,82.63847429197173
0.5444509084296502,22.88299987542311,31.127417570623933
4.099631151862934,30.55747357820335,82.92412682462393
4.764548785428041,22.762383214819387,79.65943943113305
5.114165434656137,24.69436981517819,88.93297511285532
5.889447279389533,31.896822365508065,76.4952526455613
4.064892761567562,31.716259693698717,77.36195347024616
4.637465291656119,32.24950909336931,74.8023563518273
3.0839738420958436,25.913198675064564,94.78335364030991
5.485147716968644,28.336576345002513,93.58443354398794
3.8981744549768296,31.280168231273823,79.45519248988565
5.3129532968829265,23.643826180132965,83.89036566463824
1.4891669003818973,30.69269055058862,52.058423364812576
3.0307529062365797,23.169836192735854,81.6152137251321
4.405931634276444,32.95900730352241,71.39676494309242
1.2960583519198314,29.64772219013951,53.21210052572698
1.346904780245672,27.91966375227707,62.5237095939835
5.8704521683932605,27.81675105600597,96.07959493117136
2.6642011283495157,24.176344574138923,79.73047652285715
1.172711172250253,26.151008469455846,59.379064098393116
2.0556369036908855,30.725483983805788,63.23041495154994
2.4445192747689615,28.49132345025266,81.73203293416645
3.776203019074305,28.351674449203152,93.51196264382487
5.54578648838174,24.342950734546953,87.24616352582538
5.920881447940337,30.284347743444208,84.2351308314678
3.945022677575564,26.704406812736202,98.58115270113377
4.229541928706576,24.19304006126241,86.52659229405955
1.9987921012098755,33.32541701915595,49.61384033224895
5.157235713147619,28.08158496238726,94.80839218054115
1.385010177799858,28.336439770148385,61.28529265928492
0.7276458309347087,33.77646292257767,22.02589459032135
5.84221034157614,26.396873646045922,97.10499350102043
5.198418193241141,33.31624821474939,69.6820085692029
1.891506293774987,30.33910433362576,61.8024250740961
4.08350722664819,29.5971475929376,87.53369155389953
2.8554083087378777,24.813019623309767,86.61066036664442
2.0064564162582785,22.621068068653482,59.11025505470229
1.7919678434857398,27.253406059421664,74.62300778449081
0.9025619268033482,22.1220515439487,34.63708594702072
3.3409766854274516,22.8520301292446,80.08974462037408
2.734920471693296,29.143921068332475,84.40758830587004
3.1218998797696718,30.69366199687633,82.27042241499362
1.3706072881284865,24.01537998309132,53.08596968140807
5.637802957562161,30.790004952085287,81.80797622999063
3.867688058350195,33.396709919137024,69.29579238814229
5.407643878561688,30.91811296871436,81.19305775017106
0.7446998795932571,31.416582634900394,33.69440094434325
3.774820698551432,30.408550963220463,83.63895537654177
5.111824730000551,24.696849285457013,88.94487657019366
2.0524326009053535,26.33067930587003,77.83591268628322
1.25134469790232,33.39120355323781,34.34911690250492
1.6636257042531561,29.934526947641423,59.1867847363843
1.7103089878238142,31.468296807208866,52.75835508187373
2.738473893048858,33.62433542613613,62.97266781552374
2.0231852563980564,24.777243046151987,69.79447174949067
1.700517028977149,25.86024000791864,68.53949261755245
3.926222560590314,29.737619834013998,86.85942479673281
0.41289099286411834,22.292289685408086,25.66081034724118
2.108146291024407,28.854628928004466,73.2607069660667
4.169536599048802,31.704260554173985,77.41954933996487
1.1375135207579352,29.325320485889502,51.588732082889095
1.4034743870561832,25.54471940675333,61.084140893539654
1.2839330899362131,30.68924900003274,47.97026659856712
0.10546402971528902,23.752379496159346,26.520702175870642
2.895229735806279,32.7372816313422,70.36564288568303
0.32985685755512684,23.210980372485466,28.409842939032774
1.7103448894719109,32.36189360514922,48.46980848472196
5.9693402050926325,27.97371313283479,95.32617696239302
5.518537647202769,27.143764041853622,99.30993259910261
1.368947268122372,28.007941126905177,62.54082795330259
1.9290143482922033,24.402475637115053,66.11217002399633
2.835857035384454,27.492226954705764,94.35445132510141
5.0820399252895365,32.1966377907839,75.05613860423726
4.835611054219237,31.61146290662559,77.86497804819717
0.8448244757410649,23.95658241389595,42.288085101521865
0.8342482052552775,30.08105173754874,41.895915764871596
2.558720297974864,32.282047179585106,65.82057949748877
5.233562798721255,31.837211063425713,76.78138689555658
5.304301494663464,27.107589319566177,99.48357126608235
0.7334585131505281,22.57711408415339,33.43931786694684
3.4883539989967547,33.17403307568499,70.36464123671206
1.0184836630381662,26.750621390176743,59.17265593361169
4.148162929016419,26.331719647076127,96.79225430596541
5.506956162780548,31.114179333745756,80.25193919802037
2.7831388256060023,25.16766658590427,86.86757612446056
0.5901883706831039,32.016975078007505,27.722287039226053
3.5175997557778187,22.912618729831788,80.38056990319258
2.510248353801543,30.88853440859453,71.54000191477712
4.884302638770365,33.589473885298375,68.3705253505678
2.108032337165688,33.949225562490085,48.804364043361346
5.261893482788277,33.085652320769995,70.78886886030402
1.7148324050452308,32.44914886487571,48.140733549501206
1.0293540517432471,25.346562693492764,52.650581963630216
1.9082342261796217,33.59978035155717,46.48573883611801
0.30600317175420444,33.134759125772234,16.673219631377364
1.759351204558024,28.41247008430224,68.40716768650974
3.9946940399039814,26.824931852724156,99.15967289307595
0.9394695734838948,23.311207042698257,41.08318527462953
0.757053339440869,29.0876089339015,45.120543906090184
0.8810732184006673,30.40655138226637,41.270017733134765
0.5575548781426516,26.84795899817835,50.42130075410911
5.260348929873343,26.872354727566382,99.38730269231863
5.670279181429516,28.879736688571647,90.9772638948561
0.3747107951998391,22.33340915088594,25.0945798282493
4.584423511106888,33.49439075664099,68.82692436812326
4.449195305631466,25.47886848516051,92.69856872877045
5.9817656051992385,23.69069034122656,84.11531363788748
2.1524369041543023,22.065860753615084,59.36486970043845
1.7845030509734559,32.28269849662856,50.33310823565201
2.773184512777981,32.35848850959603,69.74294540949867
5.153793545180224,23.143679254212522,81.4896604202201
4.398702490973603,23.82689563466561,84.76909904639493
2.8825805024082665,27.374826775093215,95.8524415277179
1.542920775386652,24.228450076795788,57.55497587635283
4.38939287348339,30.829853642041083,81.6167025182028
5.141708521448957,22.696476948468668,79.3430893526496
2.4597122632981963,28.596511988630393,81.53098772053804
4.044654130343807,26.593498781366847,98.04879415056087
2.4612509249419294,27.57935780430702,86.44410103816489
2.9231112850347607,27.09708541234722,97.99621572142857
3.1969712417339906,23.837910190415844,84.82196891399605
4.676782302731439,24.643377823702746,88.68821355377318
5.867285306360693,22.777692386925118,79.73292345724056
2.7217603595655713,23.383426903588855,77.07565632853793
2.119658536860875,33.73473786902698,50.06642896588801
2.304186938187109,25.357441740127022,78.19945911635187
0.8899455093135716,25.68430647207477,51.48358125223033
1.8519385531245642,23.525275965185454,60.36009569538147
0.6100397382859567,31.061970453961017,32.70333658670626
2.6245761527575584,33.08971372224738,63.26089718836373
1.0874078889351886,31.477006444799812,40.25852684366467
2.1437998012490116,29.35138995321006,71.58932424957194
4.782108721410477,31.758794987326915,77.1577840608308
1.5509731384759027,26.8507627951943,70.30312418645069
3.710178265918207,32.31396826096825,74.49295234735239
5.416970373566816,31.582226195658183,78.00531426084072
3.444882203474327,22.02069573107583,76.09933950916398
1.2433764153572349,27.853529619010203,60.770586135895726
2.1341205443991305,25.175398912950715,73.92432567014603
3.58317832238599,23.034794996412344,80.96701598277926
3.089005724583136,32.1543525129733,75.25910793772817
0.9768570340337324,22.09539621161347,35.995042496419295
2.736098433674357,30.761962024664324,76.66455095509838
3.304093499970466,33.85830545196623,67.08013383056209
1.6772630152996777,27.784237200474827,69.78092174371439
3.713428540505127,26.454886359297216,97.38345452462664
0.5139445869627381,29.26999545369656,39.38291356151128
2.085981498036549,31.656373931772066,59.36903508822506
4.8452333133876895,24.883023925303345,89.83851484145606
1.6297803253581171,25.008417149842433,63.03600882640602
3.6705434150181615,29.286136169042162,89.02654638859762
2.519175310890841,33.278557850251666,60.24642853660883
1.9671148402499563,25.58127970910516,72.5324394087039
5.505176958669159,26.521055958748157,97.70106860199115
2.125244136674263,33.91999961752347,49.28888456937259
1.4963878187734083,24.11466598247819,56.078153091363475
5.464877762277596,22.92361802050365,80.43336649841751
4.501071700021308,29.077062866567275,90.03009824047709
4.122618310819364,22.291203861059596,77.39777853308607
0.3922561581945673,24.165198775297874,34.23807728532114
0.8741092682230773,29.466510168285616,45.642936556690586
3.866205786477011,29.914148808295998,86.01208572017921
1.3356537355049354,28.125102995771435,61.31258033039582
1.4312641152191188,26.6049765547526,66.72916976719486
4.696917240527303,28.91437101306218,90.81101913730154
1.7869571981379617,29.720629036398865,62.68012458804468
0.5223650826963044,31.641784555499807,28.16673578752701
0.3149484891281805,31.51300993851817,24.636522077676393
2.7147501247471983,29.97760918617937,80.00247840128299
3.741058608339412,32.73079099874159,72.49220320604037
5.226422877011637,32.05630304314502,75.7297453929039
0.7537459306925718,23.598952098615282,38.74988868720479
1.2603696751009483,33.4801532958818,34.10265768178634
3.2258236043540798,32.70090762781504,72.6356433864878
2.2482393372276532,25.851126154095518,79.45019228421155
2.9469709623484186,22.242213023284474,76.10204175873385
5.552335429006871,29.247711361099448,89.21098546672265
3.3148607578016547,27.261010922396657,98.74714757249605
2.549211602611248,30.994799951033585,71.80919228726376
5.937695449528494,28.29519717410347,93.78305356430334
0.4847724524072643,22.91788522301136,30.10129811859982
5.599469345389914,24.93624904305731,90.09399540667508
3.05980486818635,32.59028507351836,73.16663164711187
3.0721623928261153,22.4522763485806,78.17092647318688
5.539589571798935,30.840036032779444,81.56782704265866
3.0932114795991104,25.50332209541719,92.81594605800251
2.6866018341278783,27.431677636509967,91.65998402730972
1.7076826934914744,28.372065182939302,67.56774099172084
3.987018924222783,25.000976287686413,90.40468618089479
3.4609060367805937,29.823525315971953,86.44707848333462
1.3646380779919203,30.321306617174514,51.35048979740074
4.285536198861816,23.0207137560493,80.89942602903665
3.9001124582861793,26.487124910217048,97.53819956904184
2.444269916818591,30.932527614475497,70.00926578688943
0.12596543923094838,30.65965071809358,24.952985337769785
2.734828786039508,28.53524012686287,87.32742311184839
0.1357428910684852,31.33209735841617,21.92079050097209
0.5424910868643351,23.291738716478118,33.05016757638167
2.6405984246369214,23.418535214134362,75.62093752058337
0.5833273166934334,29.889871603556138,37.795162636799205
1.726426059344281,30.320006414741545,58.5924903961262
3.967399074497914,31.774322263852845,77.08325313350635
1.9208305213955725,24.172442533279085,64.84433458765106
5.986126705316911,28.20125991317326,94.23395241676835
5.506182000098389,29.92997556562699,85.93611728499044
3.55332843705459,24.68439488594818,88.88509545255127
5.804988117946089,28.20313438712789,94.22495494178614
5.22130203715188,29.66134029268715,87.22556659510168
1.9815012611588736,24.573394137732166,67.98231708429186
4.522617851313325,26.506760923001696,97.63245243040814
0.9073075256232894,24.596065721628495,46.60726597628256
4.138853403834572,32.83531485314319,71.99048870491269
2.997382776318025,24.841586583159902,89.58727112552802
0.19927304159166584,23.450015511829562,26.94553528861522
1.7179559521031875,22.421863738325726,52.38406498602724
5.736755082685066,22.539441668936202,78.58932001089377
1.9634057620220362,24.299034819601804,66.30348237452938
1.1705812862785,29.298502135683428,52.37881547428955
1.2064355347760294,22.211798494133472,41.14534346736125
2.9273582613874995,25.440927097085765,91.06361529376167
5.071630519956156,22.69800269587959,79.35041294022204
4.572210414286745,26.84390524359001,99.25074516923206
2.6774268444728686,22.582920853958292,72.34655698845717
1.3314886122780674,29.290501319449938,55.63536591220165
0.37178291060292756,30.261091186228185,31.782420518163264
2.829518884948113,30.776050595725163,78.46533483948149
4.90717455625733,24.692120783755062,88.9221797620243
4.4051237622064505,32.42200194354092,73.97439067100359
2.510744529000777,30.283458007971117,74.45429214175418
3.608745764313842,22.679802631597845,79.26305263166965
2.673854473582684,27.289200504417124,92.08892705045149
3.5161950477620496,31.213077920469775,79.77722598174508
3.1532809419219405,25.730727120642758,93.90749017908524
4.117702940738438,26.57870528688718,97.97778537705847
3.0954821768454317,29.555245927558516,87.73481954771913
5.649604889188596,22.665770561390772,79.19569869467571
2.625366271331949,33.60322048609501,60.81186709338292
0.19390618793429445,24.093772127316733,29.928229969806207
1.4946038589130088,22.320063995755124,47.428384357884774
3.05358046282927,22.06387578448504,76.3066037655282
3.289373926143106,26.79465249999275,99.01433199996521
3.359070256941116,32.611040385704534,73.06700614861823
4.315857379793485,31.837144950615148,76.7817042370473
1.7204240414434149,32.944549578996345,45.87464284968584
4.022931706344716,28.40538783194679,93.25413840665541
4.253790411403355,27.384954806501973,98.15221692879052
2.5265564404628753,26.630331713281535,88.75672103300887
2.4727976849633,22.55701690949567,68.1296348648452
1.1556562353730537,32.91425507566184,34.72470034428424
2.542525519906705,27.95411310741673,86.2707674825338
4.742216121071373,27.46080917261812,97.78811597143303
5.462940732744315,28.182009844169407,94.32635274798685
3.602317828775996,31.529854217370406,78.25669975662206
1.8662850257903632,24.693653031790767,66.25523506840295
4.125509340092416,30.51880814793908,83.10972088989242
4.466862631306423,30.529236890248395,83.0596629268077
2.060055394805908,32.19463338709819,56.26686763804683
4.976632382788326,22.10420318156644,76.50017527151891
0.5348054096162065,24.044746518821583,36.51089148266773
0.1634469338401506,27.652562224537064,40.13663999902511
0.8255275585291103,32.20648464953774,31.51942485280104
1.0204492521823074,33.581402339535806,28.81825381387428
5.285681294391556,29.138423376152815,89.73556779446649
2.6073920431055573,24.545607705076243,80.36675784647711
1.7220969826252521,24.21501634989575,61.07401813200464
2.6315431843222346,29.67332744783521,79.79889193683569
2.4295612669337308,24.520829764712854,76.69120820929632
1.8786238411293004,28.637049087050634,69.71464120474296
0.9136075362305954,32.017743149726826,34.186983605923146
3.969901225645896,26.67783578154508,98.45361175141639
0.9059659763999666,26.54166627690315,55.91931765713446
4.6750042707687784,22.433684042692885,78.08168340492585
1.2899592783546765,25.049014941094658,56.434457284347886
4.415090712086538,30.378297515431292,83.7841719259298
4.852958023603255,26.32469494158636,96.75853571961451
0.8394234576692594,23.899587007479063,41.90648678928469
0.611800032899224,23.269212805123924,34.32822212257932
5.7024793468565935,23.14064053780851,81.47507458148084
2.8319761598402264,29.909601197414744,82.67343744921376
3.8183894203406314,29.351457745522584,88.7130028214916
0.23723659671842978,28.22225206722502,38.8779220116885
1.7443900652824056,28.003917377909673,70.06899789168168
3.081846161900379,23.83764223225446,84.8206827148214
5.328688048997483,28.007250697121048,95.16519665381898
1.7014925636298202,22.719253319204558,53.48226720477828
4.673628787166446,33.11030150323225,70.6705527844852
4.007056276726341,22.69633064803128,79.34238711055015
0.7800975300538954,27.082362338727023,55.2066113751882
1.8309135194727797,22.006852676838065,52.65116323827831
1.5033978149878566,31.433805265398934,48.785691025842254
2.7109127666823847,23.99404226242756,79.78965819329997
3.848472033980747,33.098992213860136,70.72483737347135
2.6571765575001893,22.527732974326774,71.6766494267723
1.5427657969356554,31.849448014773124,47.577965467802116
4.205684732546825,29.87965375378706,86.17766198182211
3.54837945879779,24.996828626630688,90.3847774078273
3.163952053752583,24.429035310767137,87.65936949168226
3.3710756249312728,26.292135200524267,96.60224896251648
1.4092138131335592,31.94083459810426,44.46827019177073
4.114543260445491,32.34347858002547,74.35130281587774
2.3862531596787333,24.10342455429191,73.82150105417583
2.244460136407116,26.24137647621197,81.24780981395976
0.9834318287739462,24.849896606827045,49.34814028824874
3.621340273847634,23.471714171654774,83.06422802394292
3.655720022224389,29.757392650347136,86.76451527833375
2.1077737976325173,26.150452278826425,78.07764689101718
5.173115335506651,24.70460853731601,88.98212097911684
5.088201602421027,32.39197328202371,74.11852824628617
0.7434204082463447,30.979815170842798,35.765295344881466
4.200726488078518,31.28513378435611,79.43135783509068
2.4236250614916317,22.47035069419936,66.73018456198956
5.998317621271068,32.98156539077279,71.28848612429059
1.4276394151394494,28.896860535690823,59.447857731473036
1.7550928119454878,28.045633656214225,70.08281468908149
2.7084271378787923,22.127024152333373,70.77825868877603
1.6854193772159127,32.77194652520926,46.00304422331381
4.182760861680434,28.526685645832007,92.67190890000637
2.9373578618707357,31.901841548086423,75.21831780659988
1.4031851256122874,29.866131528859526,54.30627117372002
3.0876070099707196,31.560323362130564,78.1104478617733
5.343847821553727,30.31518098269363,84.08713128307058
4.775134316415311,33.05156682802992,70.95247922545639
3.0430906541182443,24.705810236074598,88.98788913315806
1.8021063585374915,24.425201256794885,63.68309320336528
1.161330141744914,30.550498743341464,46.18420886685925
5.282458975402683,28.016737607001627,95.1196594863922
4.289984948942308,29.18993404401844,89.48831658871148
3.475763488570005,30.502509630294725,83.18795377458532
5.288664411126644,28.569138364000032,92.46813585279985
0.817972695507128,31.452321371994355,34.98831132456966
4.126686787412202,25.82640827123023,94.3667597019051
1.3786026432380687,32.3078853231963,42.09420331341912
0.8114069019943233,23.29211623510721,38.43029596840107
2.847090209040906,29.60804772353424,84.42317510785375
2.385618285609687,32.68159009032157,60.44073327865021
5.652924295018594,25.032329534820455,90.55518176713818
2.0114793258357166,25.922016099086957,75.05526379233173
4.907923328406814,25.665301341912865,93.59344644118175
4.518079302763233,28.771164541300404,91.49841020175806
4.040750833345364,26.95446178678178,99.78141657655254
5.530362790464351,23.29551141993883,82.21845481570638
2.5067551068499188,32.69544666107752,62.79695816382628
2.3990599972989077,24.456119549904088,75.77057378551777
1.0495897991309053,28.408960131862358,54.22878734967879
1.7269962454209082,29.137658751247137,64.2791629024319
5.290681090759137,22.4890221237705,78.3473061940984
2.898854584177071,23.148547931852047,79.49012175643125
2.113984600925192,33.66027652515462,50.310364697761656
1.37506112498481,29.97414808179259,53.22531170709178
2.9612654764373287,22.402782124557124,77.15866372662077
4.32832568574072,31.530390647835986,78.25412489038726
1.791482950196745,28.102513711329827,70.53759318955173
4.57052747279466,22.90239486494171,80.3314953517202
3.815747870877019,30.169025176573495,84.78867915244723
4.746619118984255,27.99222167042162,95.23733598197623
1.5803668103619828,24.459037613331077,59.410716751228826
3.823066053924968,32.532427265065834,73.44434912768399
1.0070381489841673,25.49655829960305,52.92424281777798
2.246402194771357,25.414679625439693,77.31850609753766
4.373724559572527,25.273282981507343,91.71175831123524
3.826843474921622,31.209469325068614,79.79454723967065
1.2083782794913798,30.473424044566386,47.49513017590894
5.164221765345922,32.83774822564429,71.9788085169074
0.41477079583657306,24.752070635011357,37.50535496478598
3.6117725622482326,31.4363751465137,78.70539929673424
5.904540951366477,28.87654691833715,90.99257479198167
3.2358779178722172,25.704155315832015,93.77994551599367
4.823963737760582,22.42544958889301,78.04215802668645
3.611567741815703,31.82737059821332,76.82862112857606
4.720221058045656,24.892856458160274,89.88571099916932
3.968005398596195,29.580916434579034,87.61160111402063
4.177678885771419,28.58641523271775,92.3852068829548
1.444085791409666,22.053394463761407,45.138009254248075
4.476743390080214,33.93212355927715,66.72580691546968
1.5036683313195518,31.771952269601545,47.16799573230362
5.88577762334127,27.837655247640186,95.97925481132711
1.443944426671108,30.164096442908598,53.69122560746089
1.4964356212261722,27.71913083908927,66.47688439689495
5.1661714108547985,30.93503525534477,81.11183077434511
1.533616585580633,23.61194254982673,54.40965595078096
2.22932648159857,27.356211942808365,82.87671230649124
4.316376950956259,26.02644612487432,95.32694139939673
1.0366166231491032,27.515862921928417,58.256190437725664
1.0385233534822633,27.40567183432437,58.82324226488829
2.969514697273052,23.717127397350332,83.63250545274263
1.5378108499730887,33.71786284850835,38.510475326621716
1.4903819378572982,22.185905713457537,46.69998618174214
0.15450963636922482,22.120875337808787,19.670394348866676
2.2856525880678933,26.481295822403894,83.22327170889656
1.9776782722485793,29.44451619216181,67.8198877225949
0.28381928387735544,24.15583872177914,32.02441154208699
3.765275751460615,28.398328046849933,93.28802537512033
3.797265573819789,30.673263615561744,82.36833464530363
0.5177227834645874,23.128727308481814,31.77234675000446
1.9705452211657732,33.8130688961912,46.70817372159772
5.249552638772847,26.040407772871532,95.39395730978336
3.534785702643013,29.708984965446987,86.99687216585446
2.5306508716707286,23.328638298238907,72.99048126496132
2.8441013779381663,30.51383666465592,80.01561156841493
1.3288519671712504,32.085476164749835,42.1667537526258
4.890100854176775,23.263421707967467,82.06442419824384
5.4926277621607085,23.510357852440794,83.24971769171582
5.472917849275257,25.372568972646732,92.18833106870431
1.4212129109845681,22.14322978450395,45.11176118531033
1.933367579881096,33.83261553204676,45.87079704379748
1.0476743713762673,29.180608899431796,50.48656471025272
1.912486688430648,29.291073399562546,67.25258145071274
2.063551695523342,33.50754603581963,50.03481293853261
3.8353238486813495,31.984351051833123,76.07511495120102
1.2189136511339356,31.770915171620192,41.47788019890179
5.524441853769687,26.074028438819507,95.55533650633365
0.7082868735033288,26.018360721575746,49.453868933630154
0.14058026510256502,25.500855517751763,35.61571178725976
5.144176258920146,26.16034914131584,95.96967587831604
4.252241865819693,26.43410513631821,97.28370465432741
2.1966232351003914,23.68004426776712,67.99667718729
3.613448264869697,26.271374352425124,96.5025968916406
1.418910194951477,27.360964422936732,66.64557466893322
1.0934989270077184,25.712168064959904,55.688385251961904
2.879779897318465,23.984163617890573,83.11958331224405
2.183808195353669,26.480924778141972,81.18460284215485
3.729857298158224,27.770893278597228,96.29971226273331
